Paper Title,year,author,Subfamily,Genus,Diet,Continent,organism2,organism3,organism4,Bacterial_order1,Bacterial_order2,Bacterial_order3,Notes on Bacteria,tecnica,library,function,Wild_Lab,drives1,drives2,drives3,acess
Bacterial symbiont sharing in Megalomyrmex social parasites and their fungus-growing ant hosts.,2015,Liberti J,Myrmicinae,Cyphomyrmex,fungivore,South America,Megalomyrmex social parasites (Solenopsidini),NA,NA,Entomoplasmatales,Rickettsiales,Moraxellales,"wolbachia, Acinetobacter",454 pyrosequencing and Sanger,16S,NA,Wild,social parasites and hosts share a subset of bacterial symbionts,diet,environment,Mol Ecol. 2015 Jun;24(12):3151-69. doi: 10.1111/mec.13216. Epub 2015 Jun 9.
Bacterial symbiont sharing in Megalomyrmex social parasites and their fungus-growing ant hosts.,2015,Liberti J,Myrmicinae,Megalomyrmex,fungivore,Central America,,NA,NA,Entomoplasmatales,Rickettsiales,Moraxellales,"wolbachia, Acinetobacter",454 pyrosequencing and Sanger,16S,NA,Wild,social parasites and hosts share a subset of bacterial symbionts,diet,environment,Mol Ecol. 2015 Jun;24(12):3151-69. doi: 10.1111/mec.13216. Epub 2015 Jun 9.
Bacterial symbiont sharing in Megalomyrmex social parasites and their fungus-growing ant hosts.,2015,Liberti J,Myrmicinae,Megalomyrmex,fungivore,South America,,NA,NA,Entomoplasmatales,Rickettsiales,Moraxellales,"wolbachia, Acinetobacter",454 pyrosequencing and Sanger,16S,NA,Wild,social parasites and hosts share a subset of bacterial symbionts,diet,environment,Mol Ecol. 2015 Jun;24(12):3151-69. doi: 10.1111/mec.13216. Epub 2015 Jun 9.
Bacterial symbiont sharing in Megalomyrmex social parasites and their fungus-growing ant hosts.,2015,Liberti J,Myrmicinae,Sericomyrmex,fungivore,South America,Megalomyrmex social parasites (Solenopsidini),NA,NA,Entomoplasmatales,Rickettsiales,Moraxellales,"wolbachia, Acinetobacter",454 pyrosequencing and Sanger,16S,NA,Wild,social parasites and hosts share a subset of bacterial symbionts,diet,environment,Mol Ecol. 2015 Jun;24(12):3151-69. doi: 10.1111/mec.13216. Epub 2015 Jun 9.
Bacterial symbiont sharing in Megalomyrmex social parasites and their fungus-growing ant hosts.,2015,Liberti J,Myrmicinae,Trachymyrmex,fungivore,South America,Megalomyrmex social parasites (Solenopsidini),NA,NA,Entomoplasmatales,Rickettsiales,Moraxellales,"wolbachia, Acinetobacter",454 pyrosequencing and Sanger,16S,NA,Wild,social parasites and hosts share a subset of bacterial symbionts,diet,environment,Mol Ecol. 2015 Jun;24(12):3151-69. doi: 10.1111/mec.13216. Epub 2015 Jun 9.
A mixed community of actinomycetes produce multiple antibiotics for the fungus farming ant Acromyrmex octospinosus.,2010,Barke J,Myrmicinae,Acromyrmex,fungivore,South America,NA,NA,NA,Kitasatosporales,Pseudonocardiales,NA,,culture and 454-pyrosequencing,16S,Antibiotic production,Wild,environment,specie,NA,BMC Biol. 2010 Aug 26;8:109. doi: 10.1186/1741-7007-8-109.
Microbiomes of ant castes implicate new microbial roles in the fungus-growing ant Trachymyrmex septentrionalis,2011,Ishak,Myrmicinae,Trachymyrmex,fungivore,North America,fungal gardens,,,Solirubrobacterales,Pseudonocardiales,Propionibacteriales,,amplicon,16S,phenology and nutritional,wild,species,,,
Specificity and stability of the Acromyrmex-Pseudonocardia symbiosis.,2013,Andersen SB,Myrmicinae,Acromyrmex,fungivore,Central America,NA,NA,NA,Pseudonocardiales,NA,NA,,454 pyrosequencing,16S,antibiotic cuticule production,Both,colony,developmental stages,vertical transmission,Mol Ecol. 2013 Aug;22(16):4307-4321. doi: 10.1111/mec.12380. Epub 2013 Jul 30.
Bacterial community composition and diversity in an ancestral ant fungus symbiosis,2015,Kellner K,Myrmicinae,Mycocepurus,fungivore,Central America,NA,NA,NA,Lactobacillales,Enterobacterales,NA,Pantoea,Amplicon pyrosequencing 454,16S,NA,Wild,soil,environment,NA,FEMS Microbiol Ecol. 2015 Jul;91(7). pii: fiv073. doi: 10.1093/femsec/fiv073. Epub 2015 Jun 25.
Acromyrmex Leaf-Cutting Ants Have Simple Gut Microbiota with Nitrogen-Fixing Potential,2015,Sapountzis P,Myrmicinae,Acromyrmex,fungivore,Central America,NA,NA,NA,Rickettsiales,Hyphomicrobiales,Entomoplasmatales,,Amplicon & 454 pyrosequencing,16S,NA,Both,tissue,diet,NA,Appl Environ Microbiol. 2015 Aug 15;81(16):5527-37. doi: 10.1128/AEM.00961-15. Epub 2015 Jun 5.
Acromyrmex Leaf-Cutting Ants Have Simple Gut Microbiota with Nitrogen-Fixing Potential,2015,Sapountzis P,Myrmicinae,Acromyrmex,fungivore,Central America,NA,NA,NA,Rickettsiales,Hyphomicrobiales,Entomoplasmatales,,Amplicon & 454 pyrosequencing,16S,NA,Both,tissue,diet,NA,Appl Environ Microbiol. 2015 Aug 15;81(16):5527-37. doi: 10.1128/AEM.00961-15. Epub 2015 Jun 5.
Cellulose-Enriched Microbial Communities from Leaf-Cutter Ant (Atta colombica) Refuse Dumps Vary in Taxonomic Composition and Degradation Ability,2016,Lewin GR,Myrmicinae,Atta,fungivore,Central America,NA,NA,NA,Burkholderiales,Sphingobacteriales,Xanthomonadales,,Amplicon,16S,NA,Wild,NA,NA,NA,PLoS One. 2016 Mar 21;11(3):e0151840. doi: 10.1371/journal.pone.0151840. eCollection 2016.
Comparative analysis of DNA extraction methods to study the body surface microbiota of insects: A case study with ant cuticular bacteria.,2017,Birer C,Myrmicinae,Atta,fungivore,South America,Pseudomyrmex penetrator,,,Actinomycetales,Bacillales,Xanthomonadales,,Amplicon,16S,NA,Wild,contamination,Different sizes,different species,Mol Ecol Resour. 2017 Nov;17(6):e34-e45. doi: 10.1111/1755-0998.12688. Epub 2017 Jun 21.
Microbial Communities in Different Tissues of Atta sexdens rubropilosa Leaf-cutting Ants.,2017,Vieira AS,Myrmicinae,Atta,fungivore,South America,NA,NA,NA,Entomoplasmatales,Lactobacillales,Burkholderiales,,Amplicon Ion Torrent,16S,NA,Wild,Cast (queen and worker),tissue with different bacteria (midgut and PPG),NA,Curr Microbiol. 2017 Oct;74(10):1216-1225. doi: 10.1007/s00284-017-1307-x. Epub 2017 Jul 18.
Diversity and Transmission of Gut Bacteria in Atta and Acromyrmex Leaf-Cutting Ants during Development.,2017,Zhukova M,Myrmicinae,Acromyrmex,fungivore,South America,NA,NA,NA,Entomoplasmatales,Pseudomonadales,Enterobacterales,,amplicon,16S,NA,Wild,developmental stages,horizontal transmission,NA,Front Microbiol. 2017 Oct 10;8:1942. doi: 10.3389/fmicb.2017.01942. eCollection 2017.
Diversity and Transmission of Gut Bacteria in Atta and Acromyrmex Leaf-Cutting Ants during Development.,2017,Zhukova M,Myrmicinae,Acromyrmex,fungivore,South America,NA,NA,NA,Rickettsiales,Enterobacterales,Pseudomonadales,pseudomonas,amplicon,16S,NA,Wild,developmental stages,vertical transmission,NA,Front Microbiol. 2017 Oct 10;8:1942. doi: 10.3389/fmicb.2017.01942. eCollection 2017.
Diversity and Transmission of Gut Bacteria in Atta and Acromyrmex Leaf-Cutting Ants during Development.,2017,Zhukova M,Myrmicinae,Atta,fungivore,South America,NA,NA,NA,Rickettsiales,Entomoplasmatales,Pseudomonadales,,amplicon,16S,NA,Wild,developmental stages,horizontal transmission,NA,Front Microbiol. 2017 Oct 10;8:1942. doi: 10.3389/fmicb.2017.01942. eCollection 2017.
"Microbial Diversity and Chemical Multiplicity of Culturable, Taxonomically Similar Bacterial Symbionts of the Leaf-Cutting Ant Acromyrmex coronatus",2019,Martinez,Myrmicinae,Acromyrmex,fungivore,South America,fungal gardens,,,Kitasatosporales,Bacillales,Hyphomicrobiales,,amplicon and culture,16S,nutritional,wild,species,,,
The evolution of abdominal microbiomes in fungus-growing ants.,2019,Sapountzis P,Myrmicinae,Apterostigma,fungivore,Central America,NA,NA,NA,Rickettsiales,Entomoplasmatales,Pseudonocardiales,,Amplicon,16S,NA,Both,Phylogeny,"presence/absence of defensive antibiotic-producing actinobacterial biofilms on the worker ants' cuticle,",NA,Mol Ecol. 2019 Feb;28(4):879-899. doi: 10.1111/mec.14931. Epub 2018 Dec 10.
The evolution of abdominal microbiomes in fungus-growing ants.,2019,Sapountzis P,Myrmicinae,Atta,fungivore,Central America,NA,NA,NA,Entomoplasmatales,Hyphomicrobiales,NA,,Amplicon,16S,NA,Both,Phylogeny,"presence/absence of defensive antibiotic-producing actinobacterial biofilms on the worker ants' cuticle,",NA,Mol Ecol. 2019 Feb;28(4):879-899. doi: 10.1111/mec.14931. Epub 2018 Dec 10.
The evolution of abdominal microbiomes in fungus-growing ants.,2019,Sapountzis P,Myrmicinae,Atta,fungivore,Central America,NA,NA,NA,Entomoplasmatales,Pseudonocardiales,NA,,Amplicon,16S,NA,Both,Phylogeny,"presence/absence of defensive antibiotic-producing actinobacterial biofilms on the worker ants' cuticle,",NA,Mol Ecol. 2019 Feb;28(4):879-899. doi: 10.1111/mec.14931. Epub 2018 Dec 10.
The evolution of abdominal microbiomes in fungus-growing ants.,2019,Sapountzis P,Myrmicinae,Cyphomyrmex,fungivore,Central America,NA,NA,NA,Entomoplasmatales,Hyphomicrobiales,Pseudonocardiales,,Amplicon,16S,NA,Both,Phylogeny,"presence/absence of defensive antibiotic-producing actinobacterial biofilms on the worker ants' cuticle,",NA,Mol Ecol. 2019 Feb;28(4):879-899. doi: 10.1111/mec.14931. Epub 2018 Dec 10.
The evolution of abdominal microbiomes in fungus-growing ants.,2019,Sapountzis P,Myrmicinae,Cyphomyrmex,fungivore,Central America,NA,NA,NA,Hyphomicrobiales,Sphingobacteriales,Entomoplasmatales,,Amplicon,16S,NA,Both,Phylogeny,"presence/absence of defensive antibiotic-producing actinobacterial biofilms on the worker ants' cuticle,",NA,Mol Ecol. 2019 Feb;28(4):879-899. doi: 10.1111/mec.14931. Epub 2018 Dec 10.
The evolution of abdominal microbiomes in fungus-growing ants.,2019,Sapountzis P,Myrmicinae,Cyphomyrmex,fungivore,Central America,NA,NA,NA,Pseudonocardiales,Entomoplasmatales,Xanthomonadales,,Amplicon,16S,NA,Both,Phylogeny,"presence/absence of defensive antibiotic-producing actinobacterial biofilms on the worker ants' cuticle,",NA,Mol Ecol. 2019 Feb;28(4):879-899. doi: 10.1111/mec.14931. Epub 2018 Dec 10.
The evolution of abdominal microbiomes in fungus-growing ants.,2019,Sapountzis P,Myrmicinae,Mycocepurus,fungivore,Central America,NA,NA,NA,Pseudonocardiales,Entomoplasmatales,Hyphomicrobiales,,Amplicon,16S,NA,Both,Phylogeny,"presence/absence of defensive antibiotic-producing actinobacterial biofilms on the worker ants' cuticle,",NA,Mol Ecol. 2019 Feb;28(4):879-899. doi: 10.1111/mec.14931. Epub 2018 Dec 10.
The evolution of abdominal microbiomes in fungus-growing ants.,2019,Sapountzis P,Myrmicinae,Myrmecocrypta,fungivore,Central America,NA,NA,NA,Hyphomicrobiales,Xanthomonadales,Pseudonocardiales,,Amplicon,16S,NA,Both,Phylogeny,"presence/absence of defensive antibiotic-producing actinobacterial biofilms on the worker ants' cuticle,",NA,Mol Ecol. 2019 Feb;28(4):879-899. doi: 10.1111/mec.14931. Epub 2018 Dec 10.
The evolution of abdominal microbiomes in fungus-growing ants.,2019,Sapountzis P,Myrmicinae,Sericomyrmex,fungivore,Central America,NA,NA,NA,Entomoplasmatales,NA,NA,,Amplicon,16S,NA,Both,Phylogeny,"presence/absence of defensive antibiotic-producing actinobacterial biofilms on the worker ants' cuticle,",NA,Mol Ecol. 2019 Feb;28(4):879-899. doi: 10.1111/mec.14931. Epub 2018 Dec 10.
The evolution of abdominal microbiomes in fungus-growing ants.,2019,Sapountzis P,Myrmicinae,Trachymyrmex,fungivore,Central America,NA,NA,NA,Entomoplasmatales,Hyphomicrobiales,Pseudonocardiales,,Amplicon,16S,NA,Both,Phylogeny,"presence/absence of defensive antibiotic-producing actinobacterial biofilms on the worker ants' cuticle,",NA,Mol Ecol. 2019 Feb;28(4):879-899. doi: 10.1111/mec.14931. Epub 2018 Dec 10.
The evolution of abdominal microbiomes in fungus-growing ants.,2019,Sapountzis P,Myrmicinae,Trachymyrmex,fungivore,Central America,NA,NA,NA,Hyphomicrobiales,Entomoplasmatales,Enterobacterales,,Amplicon,16S,NA,Both,Phylogeny,"presence/absence of defensive antibiotic-producing actinobacterial biofilms on the worker ants' cuticle,",NA,Mol Ecol. 2019 Feb;28(4):879-899. doi: 10.1111/mec.14931. Epub 2018 Dec 10.
The evolution of abdominal microbiomes in fungus-growing ants.,2019,Sapountzis P,Myrmicinae,Trachymyrmex,fungivore,Central America,NA,NA,NA,Hyphomicrobiales,Entomoplasmatales,Rickettsiales,,Amplicon,16S,NA,Both,Phylogeny,"presence/absence of defensive antibiotic-producing actinobacterial biofilms on the worker ants' cuticle,",NA,Mol Ecol. 2019 Feb;28(4):879-899. doi: 10.1111/mec.14931. Epub 2018 Dec 10.
Trachymyrmex septentrionalis Ant Microbiome Assembly Is Unique to Individual Colonies and Castes,2022,Green,Myrmicinae,Trachymyrmex,fungivore,North America,NA,NA,NA,Xanthomonadales,Burkholderiales,Enterobacterales,Solirubrobacterales,Amplicon,16S,NA,Wild,Geography,caste,NA,
Environments and Hosts Structure the Bacterial Microbiomes of Fungus-Gardening Ants and their Symbiotic Fungus Gardens,2023,Bringhurst,Myrmicinae,Mycetomoellerius,fungivore,North America,fungal gardens,NA,NA,Pseudonocardiales,Burkholderiales,Micrococcales,,Amplicon,16S,NA,,,,,
Environments and Hosts Structure the Bacterial Microbiomes of Fungus-Gardening Ants and their Symbiotic Fungus Gardens,2023,Bringhurst,Myrmicinae,Trachymyrmex,fungivore,North America,fungal gardens,NA,NA,Solirubrobacterales,Xanthomonadales,Burkholderiales,,Amplicon,16S,NA,,,,,
Bacterial microbiomes from vertically transmitted fungal inocula of the leaf-cutting ant Atta texana,2016,Meirelles LA,Myrmicinae,Atta,fungivore,North America,Fungi Leucogaricus,compared other attines,NA,Entomoplasmatales,Pseudomonadales,Moraxellales,"Mesoplasma, Pseudomonas, Acientobacter",Amplicon and Sanger,16S and ITS,NA,Wild,nongeography,vertical,Mesoplasma associated with dead colonies?,Environ Microbiol Rep. 2016 Oct;8(5):630-640. doi: 10.1111/1758-2229.12415. Epub 2016 Jun 27.
Highly similar microbial communities are shared among related and trophically similar ant species.,2012,Anderson KE1,Myrmicinae,Procryptocerus,herbivore,Central America,NA,NA,NA,Hyphomicrobiales,Xanthomonadales,Burkholderiales,,cloning,16S,nitrogen recycling,Wild,diet,trophic niches,NA,Mol Ecol. 2012 May;21(9):2282-96. doi: 10.1111/j.1365-294X.2011.05464.x. Epub 2012 Jan 25.
Surveying the microbiome of ants: comparing 454 pyrosequencing with traditional methods to uncover bacterial diversity.,2013,Kautz S,Myrmicinae,Cephalotes,herbivore,North America,NA,NA,NA,Hyphomicrobiales,Opitutales,Burkholderiales,,456 pyrosequencing ans Sanger,16S,NA,Wild,tissue,NA,NA,Appl Environ Microbiol. 2013 Jan;79(2):525-34. doi: 10.1128/AEM.03107-12. Epub 2012 Nov 2.
Mutualistic ants as an indirect defence against leaf pathogens.,2014,González-Teuber M,Pseudomyrmecinae,Pseudomyrmex,herbivore,North America,plant Acacia,P. gracilis (parasitic),NA,Pseudomonadales,Enterobacterales,Caulobacteriales,Pantoea,454 pyrosequencing,16S,NA,Wild,presence of ant,NA,NA,New Phytol. 2014 Apr;202(2):640-50. doi: 10.1111/nph.12664. Epub 2014 Jan 6.
Correlates of gut community composition across an ant species (Cephalotes varians) elucidate causes and consequences of symbiotic variability.,2014,Hu Y,Myrmicinae,Cephalotes,herbivore,North America,NA,NA,NA,Opitutales,Xanthomonadales,Burkholderiales,,455 pyrosequencing,16S,NA,Both,environment,colony,diet,Mol Ecol. 2014 Mar;23(6):1284-300. doi: 10.1111/mec.12607. Epub 2013 Dec 31.
Stability and phylogenetic correlation in gut microbiota: lessons from ants and apes.,2014,Sanders JG,Myrmicinae,Cephalotes,herbivore,North America,Crematogaster sp,Azteca sp,Pseudomyrmex sp,Opitutales,Burkholderiales,NA,,454 pyrosequencing,16S,NA,Wild,species,phylogeny,NA,Mol Ecol. 2014 Mar;23(6):1268-83. doi: 10.1111/mec.12611. Epub 2014 Jan 6.
Stability and phylogenetic correlation in gut microbiota: lessons from ants and apes.,2014,Sanders JG,Myrmicinae,Cephalotes,herbivore,South America,Crematogaster sp,Azteca sp,Pseudomyrmex sp,Opitutales,Burkholderiales,Hyphomicrobiales,,454 pyrosequencing,16S,NA,Wild,species,phylogeny,NA,Mol Ecol. 2014 Mar;23(6):1268-83. doi: 10.1111/mec.12611. Epub 2014 Jan 6.
Stability and phylogenetic correlation in gut microbiota: lessons from ants and apes.,2014,Sanders JG,Myrmicinae,Cephalotes,herbivore,South America,Crematogaster sp,Azteca sp,Pseudomyrmex sp,Opitutales,NA,NA,,454 pyrosequencing,16S,NA,Wild,species,phylogeny,NA,Mol Ecol. 2014 Mar;23(6):1268-83. doi: 10.1111/mec.12611. Epub 2014 Jan 6.
Stability and phylogenetic correlation in gut microbiota: lessons from ants and apes.,2014,Sanders JG,Myrmicinae,Cephalotes,herbivore,South America,Crematogaster sp,Azteca sp,Pseudomyrmex sp,Opitutales,NA,NA,,454 pyrosequencing,16S,NA,Wild,species,phylogeny,NA,Mol Ecol. 2014 Mar;23(6):1268-83. doi: 10.1111/mec.12611. Epub 2014 Jan 6.
Stability and phylogenetic correlation in gut microbiota: lessons from ants and apes.,2014,Sanders JG,Myrmicinae,Cephalotes,herbivore,South America,Crematogaster sp,Azteca sp,Pseudomyrmex sp,Opitutales,Xanthomonadales,Burkholderiales,,454 pyrosequencing,16S,NA,Wild,species,phylogeny,NA,Mol Ecol. 2014 Mar;23(6):1268-83. doi: 10.1111/mec.12611. Epub 2014 Jan 6.
Stability and phylogenetic correlation in gut microbiota: lessons from ants and apes.,2014,Sanders JG,Myrmicinae,Cephalotes,herbivore,South America,Crematogaster sp,Azteca sp,Pseudomyrmex sp,Xanthomonadales,Burkholderiales,Opitutales,,454 pyrosequencing,16S,NA,Wild,species,phylogeny,NA,Mol Ecol. 2014 Mar;23(6):1268-83. doi: 10.1111/mec.12611. Epub 2014 Jan 6.
A bacterial filter protects and structures the gut microbiome of an insect.,2016,Lanan MC,Myrmicinae,Cephalotes,herbivore,North America,NA,NA,NA,Opitutales,Hyphomicrobiales,Burkholderiales,,Amplicon,16S,NA,Lab,tissue,NA,NA,ISME J. 2016 Aug;10(8):1866-76. doi: 10.1038/ismej.2015.264. Epub 2016 Feb 12.
Comparative analysis of DNA extraction methods to study the body surface microbiota of insects: A case study with ant cuticular bacteria.,2017,Birer C,Pseudomyrmecinae,Pseudomyrmex,herbivore,South America,Atta cephalotes,,,Burkholderiales,Sphingobacteriales,Xanthomonadales,,Amplicon,16S,NA,Wild,contamination,Different sizes,different species,Mol Ecol Resour. 2017 Nov;17(6):e34-e45. doi: 10.1111/1755-0998.12688. Epub 2017 Jun 21.
Can social partnerships influence the microbiome? Insights from ant farmers and their trophobiont mutualists.,2018,Ivens ABF,Formicinae,Brachymyrmex,herbivore,North America,honeydew-producing Prociphilus aphids and Rhizoecus mealybugs,NA,NA,Rickettsiales,NA,NA,,amplicon,16S,NA,Wild,specie,horizontal transmission,NA,Mol Ecol. 2018 Apr;27(8):1898-1914. doi: 10.1111/mec.14506. Epub 2018 Mar 15.
Highly similar microbial communities are shared among related and trophically similar ant species.,2012,Anderson KE,Dolichoderinae,Dolichoderus,herbivore,Asia,,,,Hyphomicrobiales,Burkholderiales,NA,,cloning,16S,NA,Wild,diet,trophic niches,NA,Mol Ecol. 2012 May;21(9):2282-96. doi: 10.1111/j.1365-294X.2011.05464.x. Epub 2012 Jan 25.
Highly similar microbial communities are shared among related and trophically similar ant species.,2012,Anderson KE,Pseudomyrmecinae,Tetraponera,herbivore,Asia,,,,Hyphomicrobiales,Burkholderiales,NA,,culture,16S,NA,Wild,diet,trophic niches,NA,Mol Ecol. 2012 May;21(9):2282-96. doi: 10.1111/j.1365-294X.2011.05464.x. Epub 2012 Jan 25.
Highly similar microbial communities are shared among related and trophically similar ant species.,2012,Anderson KE1,Myrmicinae,Cephalotes,herbivore,North America,NA,NA,NA,Opitutales,Xanthomonadales,Burkholderiales,,cloning and,16S,nitrogen recycling,Wild,diet,trophic niches,NA,Mol Ecol. 2012 May;21(9):2282-96. doi: 10.1111/j.1365-294X.2011.05464.x. Epub 2012 Jan 25.
Gut bacteria are essential for normal cuticle development in herbivorous turtle ants,2021,Duplais,Myrmicinae,Cephalotes,herbivore,North America,NA,NA,NA,Burkholderiales,Hyphomicrobiales,Xanthomonadales,,amplicon and mass spec,16S,cuticle formation,lab,species,,,
Localization of bacterial communities within gut compartments across Cephalotes turtle ants,2021,Flynn,Myrmicinae,Cephalotes,herbivore,Central America,NA,NA,NA,Burkholderiales,Hyphomicrobiales,Xanthomonadales,,Amplicon,16S,nutricional,wild,species,gut compartment,caste,
Localization of bacterial communities within gut compartments across Cephalotes turtle ants,2021,Flynn,Myrmicinae,Cephalotes,herbivore,Central America,NA,NA,NA,Burkholderiales,Xanthomonadales,Opitutales,,Amplicon,16S,nutricional,wild,species,gut compartment,caste,
Localization of bacterial communities within gut compartments across Cephalotes turtle ants,2021,Flynn,Myrmicinae,Cephalotes,herbivore,Central America,NA,NA,NA,Opitutales,Burkholderiales,Xanthomonadales,,Amplicon,16S,nutricional,wild,species,gut compartment,caste,
Localization of bacterial communities within gut compartments across Cephalotes turtle ants,2021,Flynn,Myrmicinae,Cephalotes,herbivore,Central America,NA,NA,NA,Opitutales,Rickettsiales,Burkholderiales,,Amplicon,16S,nutricional,wild,species,gut compartment,caste,
Localization of bacterial communities within gut compartments across Cephalotes turtle ants,2021,Flynn,Myrmicinae,Cephalotes,herbivore,Central America,NA,NA,NA,Opitutales,Xanthomonadales,Burkholderiales,,Amplicon,16S,nutricional,wild,species,gut compartment,caste,
Localization of bacterial communities within gut compartments across Cephalotes turtle ants,2021,Flynn,Myrmicinae,Cephalotes,herbivore,North America,NA,NA,NA,Hyphomicrobiales,Opitutales,Burkholderiales,,Amplicon,16S,nutricional,wild,species,gut compartment,caste,
Localization of bacterial communities within gut compartments across Cephalotes turtle ants,2021,Flynn,Myrmicinae,Cephalotes,herbivore,South America,NA,NA,NA,Burkholderiales,Opitutales,Hyphomicrobiales,,Amplicon,16S,nutricional,wild,species,gut compartment,caste,
Localization of bacterial communities within gut compartments across Cephalotes turtle ants,2021,Flynn,Myrmicinae,Cephalotes,herbivore,South America,NA,NA,NA,Burkholderiales,Xanthomonadales,Opitutales,,Amplicon,16S,nutricional,wild,species,gut compartment,caste,
Localization of bacterial communities within gut compartments across Cephalotes turtle ants,2021,Flynn,Myrmicinae,Cephalotes,herbivore,South America,NA,NA,NA,Opitutales,Burkholderiales,Xanthomonadales,,Amplicon,16S,nutricional,wild,species,gut compartment,caste,
Localization of bacterial communities within gut compartments across Cephalotes turtle ants,2021,Flynn,Myrmicinae,Cephalotes,herbivore,South America,NA,NA,NA,Opitutales,Hyphomicrobiales,Burkholderiales,,Amplicon,16S,nutricional,wild,species,gut compartment,caste,
Localization of bacterial communities within gut compartments across Cephalotes turtle ants,2021,Flynn,Myrmicinae,Cephalotes,herbivore,South America,NA,NA,NA,Opitutales,Xanthomonadales,Burkholderiales,,Amplicon,16S,nutricional,wild,species,gut compartment,caste,
Localization of bacterial communities within gut compartments across Cephalotes turtle ants,2021,Flynn,Myrmicinae,Cephalotes,herbivore,South America,NA,NA,NA,Xanthomonadales,Burkholderiales,Hyphomicrobiales,,Amplicon,16S,nutricional,wild,species,gut compartment,caste,
Competition-based screening helps to secure the evolutionary stability of a defensive microbiome,2021,Worsley,Myrmicinae,Acromyrmex,herbivore,Central America,NA,NA,NA,Pseudonocardiales,Kitasatosporales,NA,,Amplicon and more,16S,Antibiotic production,Lab,I am confused here! vertical or horizontal,NA,,
"Thermal sensitivity and seasonal change in the gut microbiome of a desert ant, Cephalotes rohweri",2022,McMunn,Myrmicinae,Cephalotes,herbivore,North America,NA,NA,NA,Burkholderiales,Opitutales,Xanthomonadales,,Amplicon,16S,Nutricional,Both,Season change,,,
"Identifying the Role of Elevation, Geography, and Species Identity in Structuring Turtle Ant (Cephalotes Latreille, 1802) Bacterial Communities",2023,Graber,Myrmicinae,Cephalotes,herbivore,South America,NA,NA,NA,Hyphomicrobiales,Burkholderiales,Xanthomonadales,,Amplicon,16S,Nutricional,Wild,Geography,Species,Elevation,
Untangling the complex interactions between turtle ants and their microbial partners,2023,Ramalho,Myrmicinae,Cephalotes,herbivore,Central America,,,,Burkholderiales,Xanthomonadales,Hyphomicrobiales,,amplicon,16S,Nutrition,Wild,species,Geography,Phylogeny,
Untangling the complex interactions between turtle ants and their microbial partners,2023,Ramalho,Myrmicinae,Cephalotes,herbivore,North America,,,,Burkholderiales,Xanthomonadales,Hyphomicrobiales,,amplicon,16S,Nutrition,Wild,species,Geography,Phylogeny,
Untangling the complex interactions between turtle ants and their microbial partners,2023,Ramalho,Myrmicinae,Cephalotes,herbivore,South America,,,,Burkholderiales,Xanthomonadales,Hyphomicrobiales,,amplicon,16S,Nutrition,Wild,species,Geography,Phylogeny,
Dietary specialization in mutualistic acacia-ants affects relative abundance but not identity of host-associated bacteria.,2018,Rubin BER,Pseudomyrmecinae,Pseudomyrmex,herbivore,Central America,Acacia,NA,NA,Burkholderiales,Enterobacterales,NA,,Amplicon ans shotgun metagenomic,16S and metagenomic,Bartonella_nitrogen-recycling,Wild,diet,just_abundance,NA,Mol Ecol. 2019 Feb;28(4):900-916. doi: 10.1111/mec.14834. Epub 2018 Aug 31.
Dietary specialization in mutualistic acacia-ants affects relative abundance but not identity of host-associated bacteria.,2018,Rubin BER,Pseudomyrmecinae,Pseudomyrmex,herbivore,Central America,Acacia,NA,NA,Rhodospirillales,Enterobacterales,NA,,Amplicon ans shotgun metagenomic,16S and metagenomic,Bartonella_nitrogen-recycling,Wild,diet,just_abundance,NA,Mol Ecol. 2019 Feb;28(4):900-916. doi: 10.1111/mec.14834. Epub 2018 Aug 31.
Dietary specialization in mutualistic acacia-ants affects relative abundance but not identity of host-associated bacteria.,2018,Rubin BER,Pseudomyrmecinae,Pseudomyrmex,herbivore,Central America,Acacia,NA,NA,Rhodospirillales,Enterobacterales,Xanthomonadales,,Amplicon ans shotgun metagenomic,16S and metagenomic,Bartonella_nitrogen-recycling,Wild,diet,just_abundance,NA,Mol Ecol. 2019 Feb;28(4):900-916. doi: 10.1111/mec.14834. Epub 2018 Aug 31.
Dietary specialization in mutualistic acacia-ants affects relative abundance but not identity of host-associated bacteria.,2018,Rubin BER,Pseudomyrmecinae,Pseudomyrmex,herbivore,Central America,Acacia,NA,NA,Rhodospirillales,Lactobacillales,NA,,Amplicon ans shotgun metagenomic,16S and metagenomic,Bartonella_nitrogen-recycling,Wild,diet,just_abundance,NA,Mol Ecol. 2019 Feb;28(4):900-916. doi: 10.1111/mec.14834. Epub 2018 Aug 31.
Dietary specialization in mutualistic acacia-ants affects relative abundance but not identity of host-associated bacteria.,2018,Rubin BER,Pseudomyrmecinae,Pseudomyrmex,herbivore,Central America,Acacia,NA,NA,Rhodospirillales,NA,NA,,Amplicon ans shotgun metagenomic,16S and metagenomic,Bartonella_nitrogen-recycling,Wild,diet,just_abundance,NA,Mol Ecol. 2019 Feb;28(4):900-916. doi: 10.1111/mec.14834. Epub 2018 Aug 31.
Herbivorous turtle ants obtain essential nutrients from a conserved nitrogen-recycling gut microbiome.,2018,Hu Y,Myrmicinae,Cephalotes,herbivore,North America,NA,NA,NA,Opitutales,Burkholderiales,Pseudomonadales,Cephaloticoccus,Shotgun metagenomic,bacteria,several recycle N,Wild,tissue,diet,NA,Nat Commun. 2018 Mar 6;9(1):964. doi: 10.1038/s41467-018-03357-y.
Herbivorous turtle ants obtain essential nutrients from a conserved nitrogen-recycling gut microbiome.,2018,Hu Y,Myrmicinae,Cephalotes,herbivore,North America,NA,NA,NA,Opitutales,Xanthomonadales,Burkholderiales,Cephaloticoccus,Shotgun metagenomic,bacteria,several recycle N,Wild,tissue,diet,NA,Nat Commun. 2018 Mar 6;9(1):964. doi: 10.1038/s41467-018-03357-y.
Herbivorous turtle ants obtain essential nutrients from a conserved nitrogen-recycling gut microbiome.,2018,Hu Y,Myrmicinae,Cephalotes,herbivore,South America,NA,NA,NA,Opitutales,Burkholderiales,Xanthomonadales,Cephaloticoccus,Shotgun metagenomic,bacteria,several recycle N,Wild,tissue,diet,NA,Nat Commun. 2018 Mar 6;9(1):964. doi: 10.1038/s41467-018-03357-y.
Herbivorous turtle ants obtain essential nutrients from a conserved nitrogen-recycling gut microbiome.,2018,Hu Y,Myrmicinae,Cephalotes,herbivore,South America,NA,NA,NA,Opitutales,Campylobacterales,Xanthomonadales,Cephaloticoccus,Shotgun metagenomic,bacteria,several recycle N,Wild,tissue,diet,NA,Nat Commun. 2018 Mar 6;9(1):964. doi: 10.1038/s41467-018-03357-y.
Herbivorous turtle ants obtain essential nutrients from a conserved nitrogen-recycling gut microbiome.,2018,Hu Y,Myrmicinae,Cephalotes,herbivore,South America,NA,NA,NA,Opitutales,Flavobacteriales,Pseudomonadales,Cephaloticoccus,Shotgun metagenomic,bacteria,several recycle N,Wild,tissue,diet,NA,Nat Commun. 2018 Mar 6;9(1):964. doi: 10.1038/s41467-018-03357-y.
Herbivorous turtle ants obtain essential nutrients from a conserved nitrogen-recycling gut microbiome.,2018,Hu Y,Myrmicinae,Cephalotes,herbivore,South America,NA,NA,NA,Opitutales,NA,NA,Cephaloticoccus,Shotgun metagenomic,bacteria,several recycle N,Wild,tissue,diet,NA,Nat Commun. 2018 Mar 6;9(1):964. doi: 10.1038/s41467-018-03357-y.
Herbivorous turtle ants obtain essential nutrients from a conserved nitrogen-recycling gut microbiome.,2018,Hu Y,Myrmicinae,Cephalotes,herbivore,South America,NA,NA,NA,Opitutales,Pseudomonadales,Burkholderiales,Cephaloticoccus,Shotgun metagenomic,bacteria,several recycle N,Wild,tissue,diet,NA,Nat Commun. 2018 Mar 6;9(1):964. doi: 10.1038/s41467-018-03357-y.
Herbivorous turtle ants obtain essential nutrients from a conserved nitrogen-recycling gut microbiome.,2018,Hu Y,Myrmicinae,Cephalotes,herbivore,South America,NA,NA,NA,Opitutales,Xanthomonadales,Burkholderiales,Cephaloticoccus,Shotgun metagenomic,bacteria,several recycle N,Wild,tissue,diet,NA,Nat Commun. 2018 Mar 6;9(1):964. doi: 10.1038/s41467-018-03357-y.
Herbivorous turtle ants obtain essential nutrients from a conserved nitrogen-recycling gut microbiome.,2018,Hu Y,Myrmicinae,Cephalotes,herbivore,South America,NA,NA,NA,Opitutales,Xanthomonadales,Campylobacterales,Cephaloticoccus,Shotgun metagenomic,bacteria,several recycle N,Wild,tissue,diet,NA,Nat Commun. 2018 Mar 6;9(1):964. doi: 10.1038/s41467-018-03357-y.
Herbivorous turtle ants obtain essential nutrients from a conserved nitrogen-recycling gut microbiome.,2018,Hu Y,Myrmicinae,Cephalotes,herbivore,South America,NA,NA,NA,Opitutales,Xanthomonadales,Flavobacteriales,Cephaloticoccus,Shotgun metagenomic,bacteria,several recycle N,Wild,tissue,diet,NA,Nat Commun. 2018 Mar 6;9(1):964. doi: 10.1038/s41467-018-03357-y.
Herbivorous turtle ants obtain essential nutrients from a conserved nitrogen-recycling gut microbiome.,2018,Hu Y,Myrmicinae,Cephalotes,herbivore,South America,NA,NA,NA,Opitutales,Xanthomonadales,Hyphomicrobiales,Cephaloticoccus,Shotgun metagenomic,bacteria,several recycle N,Wild,tissue,diet,NA,Nat Commun. 2018 Mar 6;9(1):964. doi: 10.1038/s41467-018-03357-y.
Herbivorous turtle ants obtain essential nutrients from a conserved nitrogen-recycling gut microbiome.,2018,Hu Y,Myrmicinae,Cephalotes,herbivore,South America,NA,NA,NA,Opitutales,Xanthomonadales,Pseudomonadales,Cephaloticoccus,Shotgun metagenomic,bacteria,several recycle N,Wild,tissue,diet,NA,Nat Commun. 2018 Mar 6;9(1):964. doi: 10.1038/s41467-018-03357-y.
Herbivorous turtle ants obtain essential nutrients from a conserved nitrogen-recycling gut microbiome.,2018,Hu Y,Myrmicinae,Cephalotes,herbivore,South America,NA,NA,NA,Xanthomonadales,Opitutales,Flavobacteriales,Cephaloticoccus,Shotgun metagenomic,bacteria,several recycle N,Wild,tissue,diet,NA,Nat Commun. 2018 Mar 6;9(1):964. doi: 10.1038/s41467-018-03357-y.
Turtle ants harbor metabolically versatile microbiomes with conserved functions across development and phylogeny,2022,Bechade,Myrmicinae,Cephalotes,herbivore,North America,NA,NA,NA,Burkholderiales,Hyphomicrobiales,Xanthomonadales,,metagenomics and isolates,metagenomics,nutritional,both,developmental stage,,,
"Host-symbiont stability and fast evolutionary rates in an ant-bacterium association: cospeciation of camponotus species and their endosymbionts, candidatus blochmannia.",2004,Degnan PH,Formicinae,Camponotus,omnivore,North America,NA,NA,NA,Enterobacterales,NA,NA,blochmannia,Sanger,16S,Nutricional,Wild,phylogeny,NA,NA,Syst Biol. 2004 Feb;53(1):95-110.
Bacterial Diversity in Solenopsis invicta and Solenopsis geminata Ant Colonies Characterized by 16S amplicon 454 Pyrosequencing,2011,Ishak,Myrmicinae,Solenopsis,omnivore,North America,endosymbiont,,,Entomoplasmatales,Moraxellales,Solirubrobacterales,"spiroplasma, acitenobacter",454-pyrosequencing,16S,endosymbiont,wild,species,,,
Highly similar microbial communities are shared among related and trophically similar ant species.,2012,Anderson KE,Myrmicinae,Pheidole,omnivore,North America,,,,Hyphomicrobiales,NA,NA,,cloning,16S,NA,Wild,diet,trophic niches,NA,Mol Ecol. 2012 May;21(9):2282-96. doi: 10.1111/j.1365-294X.2011.05464.x. Epub 2012 Jan 25.
Deep divergence and rapid evolutionary rates in gut-associated Acetobacteraceae of ants,2016,Brown BP,Formicinae,Camponotus,omnivore,North America,NA,NA,NA,Rhodospirillales,NA,NA,,Amplicon and Sanger,16S,NA,Wild,phylogeny,geography,NA,BMC Microbiol. 2016 Jul 11;16(1):140. doi: 10.1186/s12866-016-0721-8
By their own devices: invasive Argentine ants have shifted diet without clear aid from symbiotic microbes.,2017,Hu Y,Dolichoderinae,Linepthema,omnivore,South America,NA,NA,NA,Lactobacillales,Rhodospirillales,Rickettsiales,Rickettsia,Amplicon and Genome,16S,"synthesize most essential amino acids, this bacterium was only modestly abundant in introduced populations, providing little support for a major role of nitrogen-provisioning symbioses in Argentine ant's dietary shift",Both,nondiet,NA,NA,Mol Ecol. 2017 Mar;26(6):1608-1630. doi: 10.1111/mec.13991. Epub 2017 Jan 27.
Diversity and Persistence of the Gut Microbiome of the Giant Neotropical Bullet Ant.,2017,Moreau CS,Paraponerinae,Paraponera,omnivore,South America,NA,NA,NA,Bacillales,Rhodospirillales,Enterobacterales,,Amplicon,16S,NA,Both,nongeography,tissue (mouth & gut),diet,Integr Comp Biol. 2017 Oct 1;57(4):682-689. doi: 10.1093/icb/icx037.
Species-specific signatures of the microbiome from Camponotus and Colobopsis ants across developmental stages.,2017,Ramalho MO,Formicinae,Camponotus,omnivore,North America,NA,NA,NA,Enterobacterales,Rickettsiales,NA,Blochmannia,Amplicon,16S,NA,Wild,species-specific,developmental stages,NA,PLoS One. 2017 Nov 22;12(11):e0187461. doi: 10.1371/journal.pone.0187461. eCollection 2017.
Species-specific signatures of the microbiome from Camponotus and Colobopsis ants across developmental stages.,2017,Ramalho MO,Formicinae,Colobopsis,omnivore,North America,NA,NA,NA,Enterobacterales,Rickettsiales,Pasteurellales,,Amplicon,16S,NA,Wild,species-specific,developmental stages,NA,PLoS One. 2017 Nov 22;12(11):e0187461. doi: 10.1371/journal.pone.0187461. eCollection 2017.
Microbiota of edible Liometopum apiculatum ant larvae reveals potential functions related to their nutritional value.,2018,González-Escobar JL,Dolichoderinae,Liometopum,omnivore,North America,NA,NA,NA,Pseudomonadales,Sphingomonadales,Caulobacteriales,,Amplicon,16S,NA,Wild,developmental stages,NA,NA,Food Res Int. 2018 Jul;109:497-505. doi: 10.1016/j.foodres.2018.04.049. Epub 2018 Apr 24.
Can social partnerships influence the microbiome? Insights from ant farmers and their trophobiont mutualists.,2018,Ivens ABF,Formicinae,Lasius,omnivore,North America,honeydew-producing Prociphilus aphids and Rhizoecus mealybugs,NA,NA,Burkholderiales,Rhodospirillales,NA,,amplicon,16S,NA,Wild,specie,horizontal transmission,NA,Mol Ecol. 2018 Apr;27(8):1898-1914. doi: 10.1111/mec.14506. Epub 2018 Mar 15.
Can social partnerships influence the microbiome? Insights from ant farmers and their trophobiont mutualists.,2018,Ivens ABF,Formicinae,Lasius,omnivore,North America,honeydew-producing Prociphilus aphids and Rhizoecus mealybugs,NA,NA,Enterobacterales,NA,NA,"Buchnera aphidicola, Serratia symbiotica, enterobacterales sp",amplicon,16S,NA,Wild,specie,horizontal transmission,NA,Mol Ecol. 2018 Apr;27(8):1898-1914. doi: 10.1111/mec.14506. Epub 2018 Mar 15.
Can social partnerships influence the microbiome? Insights from ant farmers and their trophobiont mutualists.,2018,Ivens ABF,Formicinae,Lasius,omnivore,North America,honeydew-producing Prociphilus aphids and Rhizoecus mealybugs,NA,NA,Rhodospirillales,NA,NA,,amplicon,16S,NA,Wild,specie,horizontal transmission,NA,Mol Ecol. 2018 Apr;27(8):1898-1914. doi: 10.1111/mec.14506. Epub 2018 Mar 15.
Symbiotic microbiota may reflect host adaptation by resident to invasive ant species,2019,Cheng,Dolichoderinae,Tapinoma,omnivore,Asia,NA,,,Rickettsiales,Lactobacillales,Enterobacterales,Wolbachia,amplicon,16S,nutritional,wild,diet,ant-ant interactions,,
The Microbiome of the Maculinea-Myrmica Host-Parasite Interaction,2019,Di Salvo,Myrmicinae,Myrmica,omnivore,Europe,Maculinea (=Phengaris) butterfly,NA,NA,Entomoplasmatales,Rickettsiales,Actinomycetales,,Amplicon,16S,chemical cross-talk between the microbes and their hosts.,Lab,horizontal transfers bettwen the ant and the butterfly,,,
The Potential Role of Environment in Structuring the Microbiota of Camponotus across Parts of the Body,2019,Ramalho MO,Formicinae,Camponotus,omnivore,North America,NA,NA,NA,Enterobacterales,Rickettsiales,NA,"blochmannia, sodalis, wolbachia",Amplicon,16S,NA,Wild,body parts,environment,NA,https://cpb-us-e1.wpmucdn.com/blogs.cornell.edu/dist/0/8622/files/2019/06/Ramalho_et_al._Advances_in_Entomology.pdf
The Potential Role of Environment in Structuring the Microbiota of Camponotus across Parts of the Body,2019,Ramalho MO,Formicinae,Camponotus,omnivore,South America,NA,NA,NA,Enterobacterales,Rickettsiales,NA,"blochmannia, sodalis, wolbachia",Amplicon,16S,NA,Wild,body parts,environment,NA,https://cpb-us-e1.wpmucdn.com/blogs.cornell.edu/dist/0/8622/files/2019/06/Ramalho_et_al._Advances_in_Entomology.pdf
Bacterial communities within Phengaris (Maculinea) alcon caterpillars are shifted following transition from solitary living to social parasitism of Myrmica ant colonies.,2019,Szenteczki MA,Myrmicinae,Myrmica,omnivore,Europe,Phengaris alcon caterpillars,NA,NA,Entomoplasmatales,Burkholderiales,Actinomycetales,Spiroplasma,Amplicon,16S,NA,Lab,nondiet,environment (for caterpillars),NA,Ecol Evol. 2019 Apr 2;9(8):4452-4464. doi: 10.1002/ece3.5010. eCollection 2019 Apr.
Disentangling the assembly mechanisms of ant cuticular bacterial communities of two Amazonian ant species sharing a common arboreal nest,2020,Birer,Formicinae,Camponotus,omnivore,South America,NA,NA,NA,Entomoplasmatales,Sphingobacteriales,Terriglobales,,Amplicon,16S,NA,Wild,habitat,NA,,
Disentangling the assembly mechanisms of ant cuticular bacterial communities of two Amazonian ant species sharing a common arboreal nest,2020,Birer,Myrmicinae,Crematogaster,omnivore,South America,NA,NA,NA,Xanthomonadales,Kitasatosporales,Burkholderiales,,Amplicon,16S,NA,Wild,habitat,NA,,
Biodegradation of recalcitrant compounds and phthalates by culturable bacteria isolated from Liometopum apiculatum microbiota,2020,Gonzalez-Escobar,Dolichoderinae,Liometopum,omnivore,North America,NA,NA,NA,Moraxellales,Enterobacterales,Lactobacillales,"Acinetobacter, Serratia",amplicon and isolates,16S,nutritional and polysaccharide degradation,wild,polysaccharide degradation,,,
"First Insight into Microbiome Profiles of Myrmecophilous Beetles and Their Host, Red Wood Ant Formica polyctena (Hymenoptera: Formicidae)—A Case Study",2020,Kaczmarczyk-Ziemba,Formicinae,Formica,omnivore,Europe,myrmecophilous beetles,NA,NA,Rickettsiales,Acetobacterales,Lactobacillales,,Amplicon,16S,Environmental - shared in the nest,Wild/Lab - more Wild,shared Wolbachia among different species in the ant nest.,,,
"Influence of host phylogeny, geographical location and seed harvesting diet on the bacterial community of globally distributed Pheidole ants",2020,Martins,Myrmicinae,Pheidole,omnivore,Asia,NA,NA,NA,Burkholderiales,Moraxellales,Bacillales,,Amplicon,16S,food resource,wild,host geographic location,food resource (seed harvesting),NA,
"Influence of host phylogeny, geographical location and seed harvesting diet on the bacterial community of globally distributed Pheidole ants",2020,Martins,Myrmicinae,Pheidole,omnivore,Central America,NA,NA,NA,Moraxellales,Burkholderiales,Bacillales,,Amplicon,16S,food resource,wild,host geographic location,food resource (seed harvesting),NA,
"Influence of host phylogeny, geographical location and seed harvesting diet on the bacterial community of globally distributed Pheidole ants",2020,Martins,Myrmicinae,Pheidole,omnivore,Europe,NA,NA,NA,Lactobacillales,Bacillales,Burkholderiales,,Amplicon,16S,food resource,wild,host geographic location,food resource (seed harvesting),NA,
"Influence of host phylogeny, geographical location and seed harvesting diet on the bacterial community of globally distributed Pheidole ants",2020,Martins,Myrmicinae,Pheidole,omnivore,North America,NA,NA,NA,Burkholderiales,Rickettsiales,Bacillales,,Amplicon,16S,food resource,wild,host geographic location,food resource (seed harvesting),NA,
"Influence of host phylogeny, geographical location and seed harvesting diet on the bacterial community of globally distributed Pheidole ants",2020,Martins,Myrmicinae,Pheidole,omnivore,Oceania,NA,NA,NA,Burkholderiales,Moraxellales,Lactobacillales,,Amplicon,16S,food resource,wild,host geographic location,food resource (seed harvesting),NA,
"Influence of host phylogeny, geographical location and seed harvesting diet on the bacterial community of globally distributed Pheidole ants",2020,Martins,Myrmicinae,Pheidole,omnivore,South America,NA,NA,NA,Burkholderiales,Rickettsiales,Moraxellales,,Amplicon,16S,food resource,wild,host geographic location,food resource (seed harvesting),NA,
Gram-negative bacteria associated with a dominant arboreal ant species outcompete phyllosphere-associated bacteria species in a tropical canopy,2021,Bitar,Dolichoderinae,Azteca,omnivore,South America,host trees,NA,NA,Enterobacterales,Bacillales,Micrococcales,,Amplicon,16S,NA,wild,species,,,
Bacterial transfer from Pristionchus entomophagus nematodes to the invasive ant Myrmica rubra and the potential for colony mortality in coastal Maine,2021,Ishaq,Myrmicinae,Myrmica,omnivore,North America,parasitic nematode,,,Entomoplasmatales,Enterobacterales,Entomoplasmatales,"Spiroplasma, Serratia marcescens, entomoplasma",amplicon,16S,,Wild,parasitism,,,
Formicine ants swallow their highly acidic poison for gut microbial selection and control,2020,Tragust,Formicinae,Camponotus,omnivore,North America,other ants for acid testing,NA,NA,Rhodospirillales,NA,NA,,amplicon,16S,defensive (acid swallowing),wild,microbial filtering,,,
Microbial composition of spiny ants (Hymenoptera: Formicidae: Polyrhachis) across their geographic range,2017,Ramalho MO,Formicinae,Polyrhachis,omnivore,Africa,NA,NA,NA,Enterobacterales,Rickettsiales,Lactobacillales,"blochmannia, wolbachia",Amplicon,16S,NA,Wild,nongeography,phylogeny,NA,BMC Evol Biol. 2017 Apr 5;17(1):96. doi: 10.1186/s12862-017-0945-8.
Microbial composition of spiny ants (Hymenoptera: Formicidae: Polyrhachis) across their geographic range,2017,Ramalho MO,Formicinae,Polyrhachis,omnivore,Asia,NA,NA,NA,Enterobacterales,Rickettsiales,Lactobacillales,"blochmannia, wolbachia",Amplicon,16S,NA,Wild,nongeography,phylogeny,NA,BMC Evol Biol. 2017 Apr 5;17(1):96. doi: 10.1186/s12862-017-0945-8.
Microbial composition of spiny ants (Hymenoptera: Formicidae: Polyrhachis) across their geographic range,2017,Ramalho MO,Formicinae,Polyrhachis,omnivore,Oceania,NA,NA,NA,Enterobacterales,Rickettsiales,Lactobacillales,"blochmannia, wolbachia",Amplicon,16S,NA,Wild,nongeography,phylogeny,NA,BMC Evol Biol. 2017 Apr 5;17(1):96. doi: 10.1186/s12862-017-0945-8.
Abdominal microbial communities in ants depend on colony membership rather than caste and are linked to colony productivity,2019,Segers,Myrmicinae,Temnothorax,omnivore,Europe,NA,NA,NA,Entomoplasmatales,Burkholderiales,Lysobacterales,"Stenotrophomonas, Acinetobacter",Amplicon,16S,Environmental and seasonal variation,,,,,
Deep Sequencing Uncovers Caste-Associated Diversity of Symbionts in the Social Ant Camponotus japonicus,2020,Koto,Formicinae,Camponotus,omnivore,Asia,NA,,,Enterobacterales,Burkholderiales,Mycobacteriales,blochmannia,Amplicon,16S,Nutricional,Both,Vertical,habitat,castes and males and females are different,
Ever-increasing viral diversity associated with the red imported fire ant Solenopsis invicta (Formicidae: Hymenoptera),2021,Xaxier,Myrmicinae,Temnothorax,omnivore,North America,NA,,,Pseudomonadales,Entomoplasmatales,NA,,Amplicon,16S,Compromised immune system,Wild,Compromised immune system,NA,NA,
"Colonization by the Red Imported Fire Ant, Solenopsis invicta modifies Soil Bacterial Communities",2022,Travanty,Myrmicinae,Solenopsis,omnivore,North America,soil,,,Hyphomicrobiales,Entomoplasmatales,Terriglobales,,Amplicon,16S,nitrogen-fixing,Wild,Geography,NA,,
Evidence of phylosymbiosis in Formica ants,2023,Jackson,Formicinae,Formica,omnivore,Europe,NA,NA,NA,Rickettsiales,Lactobacillales,Enterobacterales,"Wolbachia, Liliensternia, Spiroplasma",Amplicon,16S,Nutricional,Wild,Phylogeny,vertical transmission,NA,
Gut Microbiome Composition of the Fire Ant Solenopsis invicta: an Integrated Analysis of Host Genotype and Geographical Distribution,2023,Xiao,Myrmicinae,Solenopsis,omnivore,Asia,NA,NA,NA,Hyphomicrobiales,Enterobacterales,Lactobacillales,,Amplicon,16S,NA,Wild,Host genotype,geography,populations,
Azteca ants maintain unique microbiomes across functionally distinct nest chambers.,2019,Lucas JM,Dolichoderinae,Azteca,omnivore,Central America,Cecropia_peltata_plant,NA,NA,Xanthomonadales,Actinomycetales,NA,,Amplicon,16S and ITS,NA,Wild,inside_the_nest,Nursery_lower_bacteria_diversity,NA,Proc Biol Sci. 2019 Aug 14;286(1908):20191026. doi: 10.1098/rspb.2019.1026. Epub 2019 Aug 7.
Dietary specialization in mutualistic acacia-ants affects relative abundance but not identity of host-associated bacteria.,2018,Rubin BER,Pseudomyrmecinae,Pseudomyrmex,omnivore,Central America,NA,NA,NA,Rhodospirillales,Entomoplasmatales,NA,,Amplicon ans shotgun metagenomic,16S and metagenomic,Bartonella_nitrogen-recycling,Wild,diet,just_abundance,NA,Mol Ecol. 2019 Feb;28(4):900-916. doi: 10.1111/mec.14834. Epub 2018 Aug 31.
Dietary specialization in mutualistic acacia-ants affects relative abundance but not identity of host-associated bacteria.,2018,Rubin BER,Pseudomyrmecinae,Pseudomyrmex,omnivore,North America,NA,NA,NA,Enterobacterales,Pseudomonadales,Lactobacillales,,Amplicon ans shotgun metagenomic,16S and metagenomic,Bartonella_nitrogen-recycling,Wild,diet,just_abundance,NA,Mol Ecol. 2019 Feb;28(4):900-916. doi: 10.1111/mec.14834. Epub 2018 Aug 31.
Dietary specialization in mutualistic acacia-ants affects relative abundance but not identity of host-associated bacteria.,2018,Rubin BER,Pseudomyrmecinae,Pseudomyrmex,omnivore,North America,NA,NA,NA,Lactobacillales,Pseudomonadales,Sphingomonadales,,Amplicon ans shotgun metagenomic,16S and metagenomic,Bartonella_nitrogen-recycling,Wild,diet,just_abundance,NA,Mol Ecol. 2019 Feb;28(4):900-916. doi: 10.1111/mec.14834. Epub 2018 Aug 31.
Dietary specialization in mutualistic acacia-ants affects relative abundance but not identity of host-associated bacteria.,2018,Rubin BER,Pseudomyrmecinae,Pseudomyrmex,omnivore,North America,NA,NA,NA,Rhodospirillales,NA,NA,,Amplicon ans shotgun metagenomic,16S and metagenomic,Bartonella_nitrogen-recycling,Wild,diet,just_abundance,NA,Mol Ecol. 2019 Feb;28(4):900-916. doi: 10.1111/mec.14834. Epub 2018 Aug 31.
Dietary specialization in mutualistic acacia-ants affects relative abundance but not identity of host-associated bacteria.,2018,Rubin BER,Pseudomyrmecinae,Pseudomyrmex,omnivore,North America,NA,NA,NA,Xanthomonadales,Actinomycetales,Hyphomicrobiales,,Amplicon ans shotgun metagenomic,16S and metagenomic,Bartonella_nitrogen-recycling,Wild,diet,just_abundance,NA,Mol Ecol. 2019 Feb;28(4):900-916. doi: 10.1111/mec.14834. Epub 2018 Aug 31.
Ant colonies promote the diversity of soil microbial communities.,2019,Delgado-Baquerizo M,Dolichoderinae,Iridomyrmex,omnivore,Oceania,soil samples bact,soil sample fungi,NA,Terriglobales,Bacteroidales,Nitrospinales,,Amplicon,fungi bacteria,NA,Wild,ant nest soil,NA,NA,ISME J. 2019 Apr;13(4):1114-1118. doi: 10.1038/s41396-018-0335-2. Epub 2019 Jan 3.
Highly similar microbial communities are shared among related and trophically similar ant species.,2012,Anderson KE,Dorylinae,Nomamyrmex,predator,South America,,,,Entomoplasmatales,NA,NA,,cloning,16S,NA,Wild,diet,trophic niches,NA,Mol Ecol. 2012 May;21(9):2282-96. doi: 10.1111/j.1365-294X.2011.05464.x. Epub 2012 Jan 25.
Highly similar microbial communities are shared among related and trophically similar ant species.,2012,Anderson KE1,Dorylinae,Cheliomyrmex,predator,South America,NA,NA,NA,Entomoplasmatales,NA,NA,,cloning,16S,nitrogen recycling,Wild,diet,trophic niches,NA,Mol Ecol. 2012 May;21(9):2282-96. doi: 10.1111/j.1365-294X.2011.05464.x. Epub 2012 Jan 25.
Highly similar microbial communities are shared among related and trophically similar ant species.,2012,Anderson KE1,Dorylinae,Eciton,predator,South America,NA,NA,NA,Entomoplasmatales,NA,NA,,cloning,16S,nitrogen recycling,Wild,diet,trophic niches,NA,Mol Ecol. 2012 May;21(9):2282-96. doi: 10.1111/j.1365-294X.2011.05464.x. Epub 2012 Jan 25.
Highly similar microbial communities are shared among related and trophically similar ant species.,2012,Anderson KE1,Dorylinae,Labidus,predator,Central America,NA,NA,NA,Entomoplasmatales,NA,NA,,cloning,16S,nitrogen recycling,Wild,diet,trophic niches,NA,Mol Ecol. 2012 May;21(9):2282-96. doi: 10.1111/j.1365-294X.2011.05464.x. Epub 2012 Jan 25.
The structured diversity of specialized gut symbionts of the New World army ants.,2017,Łukasik P,Dorylinae,Aenictus,predator,Asia,NA,NA,NA,Rickettsiales,Entomoplasmatales,NA,wolbachia,Amplicon and Sanger,16S,NA,Wild,nongeography,OldSymbioses (species-specific),NA,Mol Ecol. 2017 Jul;26(14):3808-3825. doi: 10.1111/mec.14140. Epub 2017 May 12.
The structured diversity of specialized gut symbionts of the New World army ants.,2017,Łukasik P,Dorylinae,Aenictus,predator,Asia,NA,NA,NA,Rickettsiales,NA,NA,wolbachia,Amplicon and Sanger,16S,NA,Wild,nongeography,OldSymbioses (species-specific),NA,Mol Ecol. 2017 Jul;26(14):3808-3825. doi: 10.1111/mec.14140. Epub 2017 May 12.
The structured diversity of specialized gut symbionts of the New World army ants.,2017,Łukasik P,Dorylinae,Aenictus,predator,Asia,NA,NA,NA,Unclassified Firmicutes,Entomoplasmatales,Rickettsiales,wolbachia,Amplicon and Sanger,16S,NA,Wild,nongeography,OldSymbioses (species-specific),NA,Mol Ecol. 2017 Jul;26(14):3808-3825. doi: 10.1111/mec.14140. Epub 2017 May 12.
The structured diversity of specialized gut symbionts of the New World army ants.,2017,Łukasik P,Dorylinae,Dorylus,predator,Africa,NA,NA,NA,Actinomycetales,Lactobacillales,NA,weissella,Amplicon and Sanger,16S,NA,Wild,nongeography,OldSymbioses (species-specific),NA,Mol Ecol. 2017 Jul;26(14):3808-3825. doi: 10.1111/mec.14140. Epub 2017 May 12.
The structured diversity of specialized gut symbionts of the New World army ants.,2017,Łukasik P,Dorylinae,Dorylus,predator,Africa,NA,NA,NA,Entomoplasmatales,NA,NA,,Amplicon and Sanger,16S,NA,Wild,nongeography,OldSymbioses (species-specific),NA,Mol Ecol. 2017 Jul;26(14):3808-3825. doi: 10.1111/mec.14140. Epub 2017 May 12.
The structured diversity of specialized gut symbionts of the New World army ants.,2017,Łukasik P,Dorylinae,Dorylus,predator,Africa,NA,NA,NA,Entomoplasmatales,Unclassified Firmicutes,NA,,Amplicon and Sanger,16S,NA,Wild,nongeography,OldSymbioses (species-specific),NA,Mol Ecol. 2017 Jul;26(14):3808-3825. doi: 10.1111/mec.14140. Epub 2017 May 12.
The structured diversity of specialized gut symbionts of the New World army ants.,2017,Łukasik P,Dorylinae,Dorylus,predator,Africa,NA,NA,NA,Lactobacillales,Entomoplasmatales,Actinomycetales,weissella,Amplicon and Sanger,16S,NA,Wild,nongeography,OldSymbioses (species-specific),NA,Mol Ecol. 2017 Jul;26(14):3808-3825. doi: 10.1111/mec.14140. Epub 2017 May 12.
The structured diversity of specialized gut symbionts of the New World army ants.,2017,Łukasik P,Dorylinae,Dorylus,predator,Africa,NA,NA,NA,Lactobacillales,NA,NA,weissella,Amplicon and Sanger,16S,NA,Wild,nongeography,OldSymbioses (species-specific),NA,Mol Ecol. 2017 Jul;26(14):3808-3825. doi: 10.1111/mec.14140. Epub 2017 May 12.
The structured diversity of specialized gut symbionts of the New World army ants.,2017,Łukasik P,Dorylinae,Eciton,predator,Central America,NA,NA,NA,Unclassified Firmicutes,Entomoplasmatales,Actinomycetales,,Amplicon and Sanger,16S,NA,Wild,nongeography,OldSymbioses (species-specific),NA,Mol Ecol. 2017 Jul;26(14):3808-3825. doi: 10.1111/mec.14140. Epub 2017 May 12.
The structured diversity of specialized gut symbionts of the New World army ants.,2017,Łukasik P,Dorylinae,Eciton,predator,North America,NA,NA,NA,Unclassified Firmicutes,Entomoplasmatales,Actinomycetales,,Amplicon and Sanger,16S,NA,Wild,nongeography,OldSymbioses (species-specific),NA,Mol Ecol. 2017 Jul;26(14):3808-3825. doi: 10.1111/mec.14140. Epub 2017 May 12.
The structured diversity of specialized gut symbionts of the New World army ants.,2017,Łukasik P,Dorylinae,Eciton,predator,South America,NA,NA,NA,Unclassified Firmicutes,Entomoplasmatales,Actinomycetales,,Amplicon and Sanger,16S,NA,Wild,nongeography,OldSymbioses (species-specific),NA,Mol Ecol. 2017 Jul;26(14):3808-3825. doi: 10.1111/mec.14140. Epub 2017 May 12.
The structured diversity of specialized gut symbionts of the New World army ants.,2017,Łukasik P,Dorylinae,Labidus,predator,Central America,NA,NA,NA,Unclassified Firmicutes,Entomoplasmatales,Lactobacillales,weissella,Amplicon and Sanger,16S,NA,Wild,nongeography,OldSymbioses (species-specific),NA,Mol Ecol. 2017 Jul;26(14):3808-3825. doi: 10.1111/mec.14140. Epub 2017 May 12.
The structured diversity of specialized gut symbionts of the New World army ants.,2017,Łukasik P,Dorylinae,Labidus,predator,South America,NA,NA,NA,Unclassified Firmicutes,Entomoplasmatales,Lactobacillales,weissella,Amplicon and Sanger,16S,NA,Wild,nongeography,OldSymbioses (species-specific),NA,Mol Ecol. 2017 Jul;26(14):3808-3825. doi: 10.1111/mec.14140. Epub 2017 May 12.
The structured diversity of specialized gut symbionts of the New World army ants.,2017,Łukasik P,Dorylinae,Neivamyrmex,predator,Central America,NA,NA,NA,Entomoplasmatales,NA,NA,spiroplasma,Amplicon and Sanger,16S,NA,Wild,nongeography,OldSymbioses (species-specific),NA,Mol Ecol. 2017 Jul;26(14):3808-3825. doi: 10.1111/mec.14140. Epub 2017 May 12.
The structured diversity of specialized gut symbionts of the New World army ants.,2017,Łukasik P,Dorylinae,Neivamyrmex,predator,Central America,NA,NA,NA,Unclassified Firmicutes,NA,NA,wolbachia,Amplicon and Sanger,16S,NA,Wild,nongeography,OldSymbioses (species-specific),NA,Mol Ecol. 2017 Jul;26(14):3808-3825. doi: 10.1111/mec.14140. Epub 2017 May 12.
The structured diversity of specialized gut symbionts of the New World army ants.,2017,Łukasik P,Dorylinae,Neivamyrmex,predator,North America,NA,NA,NA,Entomoplasmatales,Rickettsiales,NA,wolbachia,Amplicon and Sanger,16S,NA,Wild,nongeography,OldSymbioses (species-specific),NA,Mol Ecol. 2017 Jul;26(14):3808-3825. doi: 10.1111/mec.14140. Epub 2017 May 12.
The structured diversity of specialized gut symbionts of the New World army ants.,2017,Łukasik P,Dorylinae,Neivamyrmex,predator,North America,NA,NA,NA,Rickettsiales,NA,NA,wolbachia,Amplicon and Sanger,16S,NA,Wild,nongeography,OldSymbioses (species-specific),NA,Mol Ecol. 2017 Jul;26(14):3808-3825. doi: 10.1111/mec.14140. Epub 2017 May 12.
The structured diversity of specialized gut symbionts of the New World army ants.,2017,Łukasik P,Dorylinae,Neivamyrmex,predator,South America,NA,NA,NA,Unclassified Firmicutes,Rickettsiales,NA,wolbachia,Amplicon and Sanger,16S,NA,Wild,nongeography,OldSymbioses (species-specific),NA,Mol Ecol. 2017 Jul;26(14):3808-3825. doi: 10.1111/mec.14140. Epub 2017 May 12.
The structured diversity of specialized gut symbionts of the New World army ants.,2017,Łukasik P,Dorylinae,Neivamyrmex,predator,South America,NA,NA,NA,Unclassified Firmicutes,Rickettsiales,NA,wolbachia,Amplicon and Sanger,16S,NA,Wild,nongeography,OldSymbioses (species-specific),NA,Mol Ecol. 2017 Jul;26(14):3808-3825. doi: 10.1111/mec.14140. Epub 2017 May 12.
The structured diversity of specialized gut symbionts of the New World army ants.,2017,Łukasik P,Dorylinae,Nomamyrmex,predator,South America,NA,NA,NA,Entomoplasmatales,Unclassified Firmicutes,NA,,Amplicon and Sanger,16S,NA,Wild,nongeography,OldSymbioses (species-specific),NA,Mol Ecol. 2017 Jul;26(14):3808-3825. doi: 10.1111/mec.14140. Epub 2017 May 12.
Microbial Community Composition Reveals Spatial Variation and Distinctive Core Microbiome of the Weaver Ant Oecophylla smaragdina in Malaysia,2018,Chua,Formicinae,Oecophylla,predator,Asia,NA,NA,NA,Rhodospirillales,Lactobacillales,NA,,amplicon,16S,NA,wild,habitat,NA,NA,https://www.nature.com/articles/s41598-018-29159-2
Low diversity and host specificity in the gut microbiome community of Eciton army ants (Hymenoptera: Formicidae: Dorylinae) in a Costa Rican rainforest,2023,Mendoza-Guido,Dorylinae,Eciton,predator,Central America,NA,,,Entomoplasmatales,Unclassified Firmicutes,NA,,amplicon,16S,nutritional,wild,not caste,species,gut compartment,
Habitat and Host Species Drive the Structure of Bacterial Communities of Two Neotropical Trap-Jaw Odontomachus Ants : Habitat and Host Species Drive the Structure of Bacterial Communities of Two Neotropical Trap-Jaw Odontomachus Ants,2023,Rocha,Ponerinae,Odontomachus,predator,South America,NA,NA,NA,Erysipelotrichales,Rickettsiales,Hyphomicrobiales,bartonella,Amplicon,16S,nutricional,wild,species,sample type,habitat,
Habitat and Host Species Drive the Structure of Bacterial Communities of Two Neotropical Trap-Jaw Odontomachus Ants,2023,Rocha,Ponerinae,Odontomachus,predator,South America,NA,NA,NA,Hyphomicrobiales,Rickettsiales,Erysipelotrichales,,Amplicon,16S,nutricional,wild,species,sample type,habitat,
Development but not diet alters microbial communities in the Neotropical arboreal trap jaw ant Daceton armigerum: an exploratory study,2020,Ramalho,Myrmicinae,Daceton,predator,South America,NA,NA,NA,Hyphomicrobiales,Entomoplasmatales,Lactobacillales,,amplicon,16S,,both,developmental stage,species,,
"Impact of Nesting Mode, Diet, and Taxonomy in Structuring the Associated Microbial Communities of Amazonian Ants",2023,Chanson et al,Dolichoderinae,Azteca,omnivore,South America,NA,NA,NA,Rickettsiales,Lactobacillales,Acetobacterales,,amplicon,16S,NA,wild,diet ,nesting mode,,https://bpb-us-e1.wpmucdn.com/blogs.cornell.edu/dist/0/8622/files/2023/01/Chanson_et_al._2023_Diversity.pdf
"Impact of Nesting Mode, Diet, and Taxonomy in Structuring the Associated Microbial Communities of Amazonian Ants",2023,Chanson et al,Dolichoderinae,Dolichoderus,herbivore,South America,NA,NA,NA,Rickettsiales,Hyphomicrobiales,NA,,amplicon,16S,NA,wild,diet ,nesting mode,,https://bpb-us-e1.wpmucdn.com/blogs.cornell.edu/dist/0/8622/files/2023/01/Chanson_et_al._2023_Diversity.pdf
"Impact of Nesting Mode, Diet, and Taxonomy in Structuring the Associated Microbial Communities of Amazonian Ants",2023,Chanson et al,Dorylinae,Eciton,predator,South America,NA,NA,NA,Erysipelotrichales,Flavobacteriales,Burkholderiales,,amplicon,16S,NA,wild,diet ,nesting mode,,https://bpb-us-e1.wpmucdn.com/blogs.cornell.edu/dist/0/8622/files/2023/01/Chanson_et_al._2023_Diversity.pdf
"Impact of Nesting Mode, Diet, and Taxonomy in Structuring the Associated Microbial Communities of Amazonian Ants",2023,Chanson et al,Dorylinae,Labidus,predator,South America,NA,NA,NA,Erysipelotrichales,Entomoplasmatales,Lactobacillales,,amplicon,16S,NA,wild,diet ,nesting mode,,https://bpb-us-e1.wpmucdn.com/blogs.cornell.edu/dist/0/8622/files/2023/01/Chanson_et_al._2023_Diversity.pdf
"Impact of Nesting Mode, Diet, and Taxonomy in Structuring the Associated Microbial Communities of Amazonian Ants",2023,Chanson et al,Ectatomminae,Ectatomma,omnivore,South America,NA,NA,NA,Lactobacillales,Hyphomicrobiales,Burkholderiales,,amplicon,16S,NA,wild,diet ,nesting mode,,https://bpb-us-e1.wpmucdn.com/blogs.cornell.edu/dist/0/8622/files/2023/01/Chanson_et_al._2023_Diversity.pdf
"Impact of Nesting Mode, Diet, and Taxonomy in Structuring the Associated Microbial Communities of Amazonian Ants",2023,Chanson et al,Formicinae,Camponotus,omnivore,South America,NA,NA,NA,Enterobacterales,Rickettsiales,Acetobacterales,,amplicon,16S,NA,wild,diet ,nesting mode,,https://bpb-us-e1.wpmucdn.com/blogs.cornell.edu/dist/0/8622/files/2023/01/Chanson_et_al._2023_Diversity.pdf
"Impact of Nesting Mode, Diet, and Taxonomy in Structuring the Associated Microbial Communities of Amazonian Ants",2023,Chanson et al,Formicinae,Gigantiops,omnivore,South America,NA,NA,NA,Acetobacterales,Mycobacteriales,Hyphomicrobiales,,amplicon,16S,NA,wild,diet ,nesting mode,,https://bpb-us-e1.wpmucdn.com/blogs.cornell.edu/dist/0/8622/files/2023/01/Chanson_et_al._2023_Diversity.pdf
"Impact of Nesting Mode, Diet, and Taxonomy in Structuring the Associated Microbial Communities of Amazonian Ants",2023,Chanson et al,Myrmicinae,Atta,fungivore,South America,NA,NA,NA,Hyphomicrobiales,Lactobacillales,Mycobacteriales,,amplicon,16S,NA,wild,diet ,nesting mode,,https://bpb-us-e1.wpmucdn.com/blogs.cornell.edu/dist/0/8622/files/2023/01/Chanson_et_al._2023_Diversity.pdf
"Impact of Nesting Mode, Diet, and Taxonomy in Structuring the Associated Microbial Communities of Amazonian Ants",2023,Chanson et al,Myrmicinae,Cephalotes,herbivore,South America,NA,NA,NA,Xanthomonadales,Burkholderiales,Hyphomicrobiales,,amplicon,16S,NA,wild,diet ,nesting mode,,https://bpb-us-e1.wpmucdn.com/blogs.cornell.edu/dist/0/8622/files/2023/01/Chanson_et_al._2023_Diversity.pdf
"Impact of Nesting Mode, Diet, and Taxonomy in Structuring the Associated Microbial Communities of Amazonian Ants",2023,Chanson et al,Myrmicinae,Crematogaster,omnivore,South America,NA,NA,NA,Rickettsiales,Hyphomicrobiales,Lactobacillales,,amplicon,16S,NA,wild,diet ,nesting mode,,https://bpb-us-e1.wpmucdn.com/blogs.cornell.edu/dist/0/8622/files/2023/01/Chanson_et_al._2023_Diversity.pdf
"Impact of Nesting Mode, Diet, and Taxonomy in Structuring the Associated Microbial Communities of Amazonian Ants",2023,Chanson et al,Myrmicinae,Daceton,predator,South America,NA,NA,NA,Hyphomicrobiales,Entomoplasmatales,Acetobacterales,,amplicon,16S,NA,wild,diet ,nesting mode,,https://bpb-us-e1.wpmucdn.com/blogs.cornell.edu/dist/0/8622/files/2023/01/Chanson_et_al._2023_Diversity.pdf
"Impact of Nesting Mode, Diet, and Taxonomy in Structuring the Associated Microbial Communities of Amazonian Ants",2023,Chanson et al,Myrmicinae,Nylanderia,omnivore,South America,NA,NA,NA,Acetobacterales,NA,NA,,amplicon,16S,NA,wild,diet ,nesting mode,,https://bpb-us-e1.wpmucdn.com/blogs.cornell.edu/dist/0/8622/files/2023/01/Chanson_et_al._2023_Diversity.pdf
"Impact of Nesting Mode, Diet, and Taxonomy in Structuring the Associated Microbial Communities of Amazonian Ants",2023,Chanson et al,Myrmicinae,Solenopsis,omnivore,South America,NA,NA,NA,Rickettsiales,Hyphomicrobiales,NA,,amplicon,16S,NA,wild,diet ,nesting mode,,https://bpb-us-e1.wpmucdn.com/blogs.cornell.edu/dist/0/8622/files/2023/01/Chanson_et_al._2023_Diversity.pdf
"Impact of Nesting Mode, Diet, and Taxonomy in Structuring the Associated Microbial Communities of Amazonian Ants",2023,Chanson et al,Paraponerinae,Paraponera,omnivore,South America,NA,NA,NA,Pseudomonadales,Xanthomonadales,Hyphomicrobiales,,amplicon,16S,NA,wild,diet ,nesting mode,,https://bpb-us-e1.wpmucdn.com/blogs.cornell.edu/dist/0/8622/files/2023/01/Chanson_et_al._2023_Diversity.pdf
"Impact of Nesting Mode, Diet, and Taxonomy in Structuring the Associated Microbial Communities of Amazonian Ants",2023,Chanson et al,Ponerinae,Anochetus,predator,South America,NA,NA,NA,Hyphomicrobiales,NA,NA,,amplicon,16S,NA,wild,diet ,nesting mode,,https://bpb-us-e1.wpmucdn.com/blogs.cornell.edu/dist/0/8622/files/2023/01/Chanson_et_al._2023_Diversity.pdf
"Impact of Nesting Mode, Diet, and Taxonomy in Structuring the Associated Microbial Communities of Amazonian Ants",2023,Chanson et al,Ponerinae,Neoponera,predator,South America,NA,NA,NA,Hyphomicrobiales,Flavobacteriales,Erysipelotrichales,,amplicon,16S,NA,wild,diet ,nesting mode,,https://bpb-us-e1.wpmucdn.com/blogs.cornell.edu/dist/0/8622/files/2023/01/Chanson_et_al._2023_Diversity.pdf
"Impact of Nesting Mode, Diet, and Taxonomy in Structuring the Associated Microbial Communities of Amazonian Ants",2023,Chanson et al,Ponerinae,Odontomachus,predator,South America,NA,NA,NA,Rickettsiales,Hyphomicrobiales,Erysipelotrichales,,amplicon,16S,NA,wild,diet ,nesting mode,,https://bpb-us-e1.wpmucdn.com/blogs.cornell.edu/dist/0/8622/files/2023/01/Chanson_et_al._2023_Diversity.pdf
"Impact of Nesting Mode, Diet, and Taxonomy in Structuring the Associated Microbial Communities of Amazonian Ants",2023,Chanson et al,Pseudomyrmecinae,Pseudomyrmex,herbivore,South America,NA,NA,NA,Rickettsiales,Acetobacterales,Entomoplasmatales,,amplicon,16S,NA,wild,diet ,nesting mode,,https://bpb-us-e1.wpmucdn.com/blogs.cornell.edu/dist/0/8622/files/2023/01/Chanson_et_al._2023_Diversity.pdf