Paper Title,year,author,Subfamily,Genus,Diet,Continent,Bacterial_order1,Bacterial_order2,Bacterial_order3,Notes on Bacteria,tecnica,library,Wild_Lab,drivers1,drivers2,drivers3,acess
"Impact of Nesting Mode, Diet, and Taxonomy in Structuring the Associated Microbial Communities of Amazonian Ants",2023,Chanson et al,Formicinae,Gigantiops,omnivore,South America,Acetobacterales,Mycobacteriales,Hyphomicrobiales,,amplicon,16S,wild,diet,nesting_mode,NA,https://bpb-us-e1.wpmucdn.com/blogs.cornell.edu/dist/0/8622/files/2023/01/Chanson_et_al._2023_Diversity.pdf
"Impact of Nesting Mode, Diet, and Taxonomy in Structuring the Associated Microbial Communities of Amazonian Ants",2023,Chanson et al,Myrmicinae,Nylanderia,omnivore,South America,Acetobacterales,NA,NA,,amplicon,16S,wild,diet,nesting_mode,NA,https://bpb-us-e1.wpmucdn.com/blogs.cornell.edu/dist/0/8622/files/2023/01/Chanson_et_al._2023_Diversity.pdf
Comparative analysis of DNA extraction methods to study the body surface microbiota of insects: A case study with ant cuticular bacteria.,2017,Birer C,Myrmicinae,Atta,fungivore,South America,Actinomycetales,Bacillales,Xanthomonadales,,Amplicon,16S,Wild,species-specific,size,NA,Mol Ecol Resour. 2017 Nov;17(6):e34-e45. doi: 10.1111/1755-0998.12688. Epub 2017 Jun 21.
The structured diversity of specialized gut symbionts of the New World army ants.,2017,Łukasik P,Dorylinae,Dorylus,predator,Africa,Actinomycetales,Lactobacillales,NA,weissella,Amplicon and Sanger,16S,Wild,phylogeny,species-specific,host-specific,Mol Ecol. 2017 Jul;26(14):3808-3825. doi: 10.1111/mec.14140. Epub 2017 May 12.
Diversity and Persistence of the Gut Microbiome of the Giant Neotropical Bullet Ant.,2017,Moreau CS,Paraponerinae,Paraponera,omnivore,South America,Bacillales,Rhodospirillales,Enterobacterales,,Amplicon,16S,Both,tissue,diet,NA,Integr Comp Biol. 2017 Oct 1;57(4):682-689. doi: 10.1093/icb/icx037.
Turtle ants harbor metabolically versatile microbiomes with conserved functions across development and phylogeny,2022,Bechade,Myrmicinae,Cephalotes,herbivore,North America,Burkholderiales,Hyphomicrobiales,Xanthomonadales,,metagenomics and isolates,metagenomics,both,developmental,NA,NA,
Comparative analysis of DNA extraction methods to study the body surface microbiota of insects: A case study with ant cuticular bacteria.,2017,Birer C,Pseudomyrmecinae,Pseudomyrmex,herbivore,South America,Burkholderiales,Sphingobacteriales,Xanthomonadales,,Amplicon,16S,Wild,species-specific,size,NA,Mol Ecol Resour. 2017 Nov;17(6):e34-e45. doi: 10.1111/1755-0998.12688. Epub 2017 Jun 21.
Gut bacteria are essential for normal cuticle development in herbivorous turtle ants,2021,Duplais,Myrmicinae,Cephalotes,herbivore,North America,Burkholderiales,Hyphomicrobiales,Xanthomonadales,,amplicon and mass spec,16S,lab,species-specific,NA,NA,
Localization of bacterial communities within gut compartments across Cephalotes turtle ants,2021,Flynn,Myrmicinae,Cephalotes,herbivore,Central America,Burkholderiales,Hyphomicrobiales,Xanthomonadales,,Amplicon,16S,wild,species-specific,tissue,caste,
Localization of bacterial communities within gut compartments across Cephalotes turtle ants,2021,Flynn,Myrmicinae,Cephalotes,herbivore,Central America,Burkholderiales,Xanthomonadales,Opitutales,,Amplicon,16S,wild,species-specific,tissue,caste,
Localization of bacterial communities within gut compartments across Cephalotes turtle ants,2021,Flynn,Myrmicinae,Cephalotes,herbivore,South America,Burkholderiales,Opitutales,Hyphomicrobiales,,Amplicon,16S,wild,species-specific,tissue,caste,
Localization of bacterial communities within gut compartments across Cephalotes turtle ants,2021,Flynn,Myrmicinae,Cephalotes,herbivore,South America,Burkholderiales,Xanthomonadales,Opitutales,,Amplicon,16S,wild,species-specific,tissue,caste,
Can social partnerships influence the microbiome? Insights from ant farmers and their trophobiont mutualists.,2018,Ivens ABF,Formicinae,Lasius,omnivore,North America,Burkholderiales,Rhodospirillales,NA,,amplicon,16S,Wild,species-specific,horizontal_transmission,NA,Mol Ecol. 2018 Apr;27(8):1898-1914. doi: 10.1111/mec.14506. Epub 2018 Mar 15.
Cellulose-Enriched Microbial Communities from Leaf-Cutter Ant (Atta colombica) Refuse Dumps Vary in Taxonomic Composition and Degradation Ability,2016,Lewin GR,Myrmicinae,Atta,fungivore,Central America,Burkholderiales,Sphingobacteriales,Xanthomonadales,,Amplicon,16S,Wild,NA,NA,NA,PLoS One. 2016 Mar 21;11(3):e0151840. doi: 10.1371/journal.pone.0151840. eCollection 2016.
"Influence of host phylogeny, geographical location and seed harvesting diet on the bacterial community of globally distributed Pheidole ants",2020,Martins,Myrmicinae,Pheidole,omnivore,Asia,Burkholderiales,Moraxellales,Bacillales,,Amplicon,16S,wild,geography,environment,NA,
"Influence of host phylogeny, geographical location and seed harvesting diet on the bacterial community of globally distributed Pheidole ants",2020,Martins,Myrmicinae,Pheidole,omnivore,North America,Burkholderiales,Rickettsiales,Bacillales,,Amplicon,16S,wild,geography,environment,NA,
"Influence of host phylogeny, geographical location and seed harvesting diet on the bacterial community of globally distributed Pheidole ants",2020,Martins,Myrmicinae,Pheidole,omnivore,Oceania,Burkholderiales,Moraxellales,Lactobacillales,,Amplicon,16S,wild,geography,environment,NA,
"Influence of host phylogeny, geographical location and seed harvesting diet on the bacterial community of globally distributed Pheidole ants",2020,Martins,Myrmicinae,Pheidole,omnivore,South America,Burkholderiales,Rickettsiales,Moraxellales,,Amplicon,16S,wild,geography,environment,NA,
"Thermal sensitivity and seasonal change in the gut microbiome of a desert ant, Cephalotes rohweri",2022,McMunn,Myrmicinae,Cephalotes,herbivore,North America,Burkholderiales,Opitutales,Xanthomonadales,,Amplicon,16S,Both,season,NA,NA,
Untangling the complex interactions between turtle ants and their microbial partners,2023,Ramalho,Myrmicinae,Cephalotes,herbivore,Central America,Burkholderiales,Xanthomonadales,Hyphomicrobiales,,amplicon,16S,Wild,species-specific,geography,phylogeny,
Untangling the complex interactions between turtle ants and their microbial partners,2023,Ramalho,Myrmicinae,Cephalotes,herbivore,North America,Burkholderiales,Xanthomonadales,Hyphomicrobiales,,amplicon,16S,Wild,species-specific,geography,phylogeny,
Untangling the complex interactions between turtle ants and their microbial partners,2023,Ramalho,Myrmicinae,Cephalotes,herbivore,South America,Burkholderiales,Xanthomonadales,Hyphomicrobiales,,amplicon,16S,Wild,species-specific,geography,phylogeny,
Dietary specialization in mutualistic acacia-ants affects relative abundance but not identity of host-associated bacteria.,2018,Rubin BER,Pseudomyrmecinae,Pseudomyrmex,herbivore,Central America,Burkholderiales,Enterobacterales,NA,,Amplicon ans shotgun metagenomic,16S and metagenomic,Wild,diet,NA,NA,Mol Ecol. 2019 Feb;28(4):900-916. doi: 10.1111/mec.14834. Epub 2018 Aug 31.
Gram-negative bacteria associated with a dominant arboreal ant species outcompete phyllosphere-associated bacteria species in a tropical canopy,2021,Bitar,Dolichoderinae,Azteca,omnivore,South America,Enterobacterales,Bacillales,Micrococcales,,Amplicon,16S,wild,species-specific,NA,NA,
"Impact of Nesting Mode, Diet, and Taxonomy in Structuring the Associated Microbial Communities of Amazonian Ants",2023,Chanson et al,Formicinae,Camponotus,omnivore,South America,Enterobacterales,Rickettsiales,Acetobacterales,,amplicon,16S,wild,diet,nesting_mode,NA,https://bpb-us-e1.wpmucdn.com/blogs.cornell.edu/dist/0/8622/files/2023/01/Chanson_et_al._2023_Diversity.pdf
"Host-symbiont stability and fast evolutionary rates in an ant-bacterium association: cospeciation of camponotus species and their endosymbionts, candidatus blochmannia.",2004,Degnan PH,Formicinae,Camponotus,omnivore,North America,Enterobacterales,NA,NA,blochmannia,Sanger,16S,Wild,phylogeny,NA,NA,Syst Biol. 2004 Feb;53(1):95-110.
Can social partnerships influence the microbiome? Insights from ant farmers and their trophobiont mutualists.,2018,Ivens ABF,Formicinae,Lasius,omnivore,North America,Enterobacterales,NA,NA,"Buchnera aphidicola, Serratia symbiotica, enterobacterales sp",amplicon,16S,Wild,species-specific,horizontal_transmission,NA,Mol Ecol. 2018 Apr;27(8):1898-1914. doi: 10.1111/mec.14506. Epub 2018 Mar 15.
Deep Sequencing Uncovers Caste-Associated Diversity of Symbionts in the Social Ant Camponotus japonicus,2020,Koto,Formicinae,Camponotus,omnivore,Asia,Enterobacterales,Burkholderiales,Mycobacteriales,blochmannia,Amplicon,16S,Both,caste,vertical_transmission,NA,
Species-specific signatures of the microbiome from Camponotus and Colobopsis ants across developmental stages.,2017,Ramalho MO,Formicinae,Camponotus,omnivore,North America,Enterobacterales,Rickettsiales,NA,Blochmannia,Amplicon,16S,Wild,species-specific,developmental stages,NA,PLoS One. 2017 Nov 22;12(11):e0187461. doi: 10.1371/journal.pone.0187461. eCollection 2017.
The Potential Role of Environment in Structuring the Microbiota of Camponotus across Parts of the Body,2019,Ramalho MO,Formicinae,Camponotus,omnivore,North America,Enterobacterales,Rickettsiales,NA,"blochmannia, sodalis, wolbachia",Amplicon,16S,Wild,tissue,environment,NA,https://cpb-us-e1.wpmucdn.com/blogs.cornell.edu/dist/0/8622/files/2019/06/Ramalho_et_al._Advances_in_Entomology.pdf
The Potential Role of Environment in Structuring the Microbiota of Camponotus across Parts of the Body,2019,Ramalho MO,Formicinae,Camponotus,omnivore,South America,Enterobacterales,Rickettsiales,NA,"blochmannia, sodalis, wolbachia",Amplicon,16S,Wild,tissue,environment,NA,https://cpb-us-e1.wpmucdn.com/blogs.cornell.edu/dist/0/8622/files/2019/06/Ramalho_et_al._Advances_in_Entomology.pdf
Species-specific signatures of the microbiome from Camponotus and Colobopsis ants across developmental stages.,2017,Ramalho MO,Formicinae,Colobopsis,omnivore,North America,Enterobacterales,Rickettsiales,Pasteurellales,,Amplicon,16S,Wild,species-specific,developmental stages,NA,PLoS One. 2017 Nov 22;12(11):e0187461. doi: 10.1371/journal.pone.0187461. eCollection 2017.
Microbial composition of spiny ants (Hymenoptera: Formicidae: Polyrhachis) across their geographic range,2017,Ramalho MO,Formicinae,Polyrhachis,omnivore,Africa,Enterobacterales,Rickettsiales,Lactobacillales,"blochmannia, wolbachia",Amplicon,16S,Wild,phylogeny,species-specific,host-specific,BMC Evol Biol. 2017 Apr 5;17(1):96. doi: 10.1186/s12862-017-0945-8.
Microbial composition of spiny ants (Hymenoptera: Formicidae: Polyrhachis) across their geographic range,2017,Ramalho MO,Formicinae,Polyrhachis,omnivore,Asia,Enterobacterales,Rickettsiales,Lactobacillales,"blochmannia, wolbachia",Amplicon,16S,Wild,phylogeny,species-specific,host-specific,BMC Evol Biol. 2017 Apr 5;17(1):96. doi: 10.1186/s12862-017-0945-8.
Microbial composition of spiny ants (Hymenoptera: Formicidae: Polyrhachis) across their geographic range,2017,Ramalho MO,Formicinae,Polyrhachis,omnivore,Oceania,Enterobacterales,Rickettsiales,Lactobacillales,"blochmannia, wolbachia",Amplicon,16S,Wild,phylogeny,species-specific,host-specific,BMC Evol Biol. 2017 Apr 5;17(1):96. doi: 10.1186/s12862-017-0945-8.
Dietary specialization in mutualistic acacia-ants affects relative abundance but not identity of host-associated bacteria.,2018,Rubin BER,Pseudomyrmecinae,Pseudomyrmex,omnivore,North America,Enterobacterales,Pseudomonadales,Lactobacillales,,Amplicon ans shotgun metagenomic,16S and metagenomic,Wild,diet,NA,NA,Mol Ecol. 2019 Feb;28(4):900-916. doi: 10.1111/mec.14834. Epub 2018 Aug 31.
Highly similar microbial communities are shared among related and trophically similar ant species.,2012,Anderson KE,Dorylinae,Nomamyrmex,predator,South America,Entomoplasmatales,NA,NA,,cloning,16S,Wild,diet,NA,NA,Mol Ecol. 2012 May;21(9):2282-96. doi: 10.1111/j.1365-294X.2011.05464.x. Epub 2012 Jan 25.
Highly similar microbial communities are shared among related and trophically similar ant species.,2012,Anderson KE1,Dorylinae,Cheliomyrmex,predator,South America,Entomoplasmatales,NA,NA,,cloning,16S,Wild,diet,NA,NA,Mol Ecol. 2012 May;21(9):2282-96. doi: 10.1111/j.1365-294X.2011.05464.x. Epub 2012 Jan 25.
Highly similar microbial communities are shared among related and trophically similar ant species.,2012,Anderson KE1,Dorylinae,Eciton,predator,South America,Entomoplasmatales,NA,NA,,cloning,16S,Wild,diet,NA,NA,Mol Ecol. 2012 May;21(9):2282-96. doi: 10.1111/j.1365-294X.2011.05464.x. Epub 2012 Jan 25.
Highly similar microbial communities are shared among related and trophically similar ant species.,2012,Anderson KE1,Dorylinae,Labidus,predator,Central America,Entomoplasmatales,NA,NA,,cloning,16S,Wild,diet,NA,NA,Mol Ecol. 2012 May;21(9):2282-96. doi: 10.1111/j.1365-294X.2011.05464.x. Epub 2012 Jan 25.
Disentangling the assembly mechanisms of ant cuticular bacterial communities of two Amazonian ant species sharing a common arboreal nest,2020,Birer,Formicinae,Camponotus,omnivore,South America,Entomoplasmatales,Sphingobacteriales,Terriglobales,,Amplicon,16S,Wild,nesting_mode,NA,NA,
The Microbiome of the Maculinea-Myrmica Host-Parasite Interaction,2019,Di Salvo,Myrmicinae,Myrmica,omnivore,Europe,Entomoplasmatales,Rickettsiales,Actinomycetales,,Amplicon,16S,Lab,horizontal_transmission,NA,NA,
Bacterial Diversity in Solenopsis invicta and Solenopsis geminata Ant Colonies Characterized by 16S amplicon 454 Pyrosequencing,2011,Ishak,Myrmicinae,Solenopsis,omnivore,North America,Entomoplasmatales,Moraxellales,Solirubrobacterales,"spiroplasma, acitenobacter",454-pyrosequencing,16S,wild,species-specific,NA,NA,
Bacterial transfer from Pristionchus entomophagus nematodes to the invasive ant Myrmica rubra and the potential for colony mortality in coastal Maine,2021,Ishaq,Myrmicinae,Myrmica,omnivore,North America,Entomoplasmatales,Enterobacterales,Entomoplasmatales,"Spiroplasma, Serratia marcescens, entomoplasma",amplicon,16S,Wild,parasitism,NA,NA,
Bacterial symbiont sharing in Megalomyrmex social parasites and their fungus-growing ant hosts.,2015,Liberti J,Myrmicinae,Cyphomyrmex,fungivore,South America,Entomoplasmatales,Rickettsiales,Moraxellales,"wolbachia, Acinetobacter",454 pyrosequencing and Sanger,16S,Wild,parasitism,diet,environment,Mol Ecol. 2015 Jun;24(12):3151-69. doi: 10.1111/mec.13216. Epub 2015 Jun 9.
Bacterial symbiont sharing in Megalomyrmex social parasites and their fungus-growing ant hosts.,2015,Liberti J,Myrmicinae,Megalomyrmex,fungivore,Central America,Entomoplasmatales,Rickettsiales,Moraxellales,"wolbachia, Acinetobacter",454 pyrosequencing and Sanger,16S,Wild,parasitism,diet,environment,Mol Ecol. 2015 Jun;24(12):3151-69. doi: 10.1111/mec.13216. Epub 2015 Jun 9.
Bacterial symbiont sharing in Megalomyrmex social parasites and their fungus-growing ant hosts.,2015,Liberti J,Myrmicinae,Megalomyrmex,fungivore,South America,Entomoplasmatales,Rickettsiales,Moraxellales,"wolbachia, Acinetobacter",454 pyrosequencing and Sanger,16S,Wild,parasitism,diet,environment,Mol Ecol. 2015 Jun;24(12):3151-69. doi: 10.1111/mec.13216. Epub 2015 Jun 9.
Bacterial symbiont sharing in Megalomyrmex social parasites and their fungus-growing ant hosts.,2015,Liberti J,Myrmicinae,Sericomyrmex,fungivore,South America,Entomoplasmatales,Rickettsiales,Moraxellales,"wolbachia, Acinetobacter",454 pyrosequencing and Sanger,16S,Wild,parasitism,diet,environment,Mol Ecol. 2015 Jun;24(12):3151-69. doi: 10.1111/mec.13216. Epub 2015 Jun 9.
Bacterial symbiont sharing in Megalomyrmex social parasites and their fungus-growing ant hosts.,2015,Liberti J,Myrmicinae,Trachymyrmex,fungivore,South America,Entomoplasmatales,Rickettsiales,Moraxellales,"wolbachia, Acinetobacter",454 pyrosequencing and Sanger,16S,Wild,parasitism,diet,environment,Mol Ecol. 2015 Jun;24(12):3151-69. doi: 10.1111/mec.13216. Epub 2015 Jun 9.
The structured diversity of specialized gut symbionts of the New World army ants.,2017,Łukasik P,Dorylinae,Dorylus,predator,Africa,Entomoplasmatales,NA,NA,,Amplicon and Sanger,16S,Wild,phylogeny,species-specific,host-specific,Mol Ecol. 2017 Jul;26(14):3808-3825. doi: 10.1111/mec.14140. Epub 2017 May 12.
The structured diversity of specialized gut symbionts of the New World army ants.,2017,Łukasik P,Dorylinae,Dorylus,predator,Africa,Entomoplasmatales,Unclassified Firmicutes,NA,,Amplicon and Sanger,16S,Wild,phylogeny,species-specific,host-specific,Mol Ecol. 2017 Jul;26(14):3808-3825. doi: 10.1111/mec.14140. Epub 2017 May 12.
The structured diversity of specialized gut symbionts of the New World army ants.,2017,Łukasik P,Dorylinae,Neivamyrmex,predator,Central America,Entomoplasmatales,NA,NA,spiroplasma,Amplicon and Sanger,16S,Wild,phylogeny,species-specific,host-specific,Mol Ecol. 2017 Jul;26(14):3808-3825. doi: 10.1111/mec.14140. Epub 2017 May 12.
The structured diversity of specialized gut symbionts of the New World army ants.,2017,Łukasik P,Dorylinae,Neivamyrmex,predator,North America,Entomoplasmatales,Rickettsiales,NA,wolbachia,Amplicon and Sanger,16S,Wild,phylogeny,species-specific,host-specific,Mol Ecol. 2017 Jul;26(14):3808-3825. doi: 10.1111/mec.14140. Epub 2017 May 12.
The structured diversity of specialized gut symbionts of the New World army ants.,2017,Łukasik P,Dorylinae,Nomamyrmex,predator,South America,Entomoplasmatales,Unclassified Firmicutes,NA,,Amplicon and Sanger,16S,Wild,phylogeny,species-specific,host-specific,Mol Ecol. 2017 Jul;26(14):3808-3825. doi: 10.1111/mec.14140. Epub 2017 May 12.
Bacterial microbiomes from vertically transmitted fungal inocula of the leaf-cutting ant Atta texana,2016,Meirelles LA,Myrmicinae,Atta,fungivore,North America,Entomoplasmatales,Pseudomonadales,Moraxellales,"Mesoplasma, Pseudomonas, Acientobacter",Amplicon and Sanger,16S and ITS,Wild,geography,vertical_transmission,Mesoplasma associated with dead colonies?,Environ Microbiol Rep. 2016 Oct;8(5):630-640. doi: 10.1111/1758-2229.12415. Epub 2016 Jun 27.
Low diversity and host specificity in the gut microbiome community of Eciton army ants (Hymenoptera: Formicidae: Dorylinae) in a Costa Rican rainforest,2023,Mendoza-Guido,Dorylinae,Eciton,predator,Central America,Entomoplasmatales,Unclassified Firmicutes,NA,,amplicon,16S,wild,species-specific,tissue,NA,
The evolution of abdominal microbiomes in fungus-growing ants.,2019,Sapountzis P,Myrmicinae,Atta,fungivore,Central America,Entomoplasmatales,Hyphomicrobiales,NA,,Amplicon,16S,Both,phylogeny,cuticle,NA,Mol Ecol. 2019 Feb;28(4):879-899. doi: 10.1111/mec.14931. Epub 2018 Dec 10.
The evolution of abdominal microbiomes in fungus-growing ants.,2019,Sapountzis P,Myrmicinae,Atta,fungivore,Central America,Entomoplasmatales,Pseudonocardiales,NA,,Amplicon,16S,Both,phylogeny,cuticle,NA,Mol Ecol. 2019 Feb;28(4):879-899. doi: 10.1111/mec.14931. Epub 2018 Dec 10.
The evolution of abdominal microbiomes in fungus-growing ants.,2019,Sapountzis P,Myrmicinae,Cyphomyrmex,fungivore,Central America,Entomoplasmatales,Hyphomicrobiales,Pseudonocardiales,,Amplicon,16S,Both,phylogeny,cuticle,NA,Mol Ecol. 2019 Feb;28(4):879-899. doi: 10.1111/mec.14931. Epub 2018 Dec 10.
The evolution of abdominal microbiomes in fungus-growing ants.,2019,Sapountzis P,Myrmicinae,Sericomyrmex,fungivore,Central America,Entomoplasmatales,NA,NA,,Amplicon,16S,Both,phylogeny,cuticle,NA,Mol Ecol. 2019 Feb;28(4):879-899. doi: 10.1111/mec.14931. Epub 2018 Dec 10.
The evolution of abdominal microbiomes in fungus-growing ants.,2019,Sapountzis P,Myrmicinae,Trachymyrmex,fungivore,Central America,Entomoplasmatales,Hyphomicrobiales,Pseudonocardiales,,Amplicon,16S,Both,phylogeny,cuticle,NA,Mol Ecol. 2019 Feb;28(4):879-899. doi: 10.1111/mec.14931. Epub 2018 Dec 10.
Abdominal microbial communities in ants depend on colony membership rather than caste and are linked to colony productivity,2019,Segers,Myrmicinae,Temnothorax,omnivore,Europe,Entomoplasmatales,Burkholderiales,Lysobacterales,"Stenotrophomonas, Acinetobacter",Amplicon,16S,,host-specific,environment,season,
Bacterial communities within Phengaris (Maculinea) alcon caterpillars are shifted following transition from solitary living to social parasitism of Myrmica ant colonies.,2019,Szenteczki MA,Myrmicinae,Myrmica,omnivore,Europe,Entomoplasmatales,Burkholderiales,Actinomycetales,Spiroplasma,Amplicon,16S,Lab,horizontal_transmission,environment,NA,Ecol Evol. 2019 Apr 2;9(8):4452-4464. doi: 10.1002/ece3.5010. eCollection 2019 Apr.
Microbial Communities in Different Tissues of Atta sexdens rubropilosa Leaf-cutting Ants.,2017,Vieira AS,Myrmicinae,Atta,fungivore,South America,Entomoplasmatales,Lactobacillales,Burkholderiales,,Amplicon Ion Torrent,16S,Wild,caste,tissue,NA,Curr Microbiol. 2017 Oct;74(10):1216-1225. doi: 10.1007/s00284-017-1307-x. Epub 2017 Jul 18.
Diversity and Transmission of Gut Bacteria in Atta and Acromyrmex Leaf-Cutting Ants during Development.,2017,Zhukova M,Myrmicinae,Acromyrmex,fungivore,South America,Entomoplasmatales,Pseudomonadales,Enterobacterales,,amplicon,16S,Wild,developmental,horizontal_transmission,NA,Front Microbiol. 2017 Oct 10;8:1942. doi: 10.3389/fmicb.2017.01942. eCollection 2017.
"Impact of Nesting Mode, Diet, and Taxonomy in Structuring the Associated Microbial Communities of Amazonian Ants",2023,Chanson et al,Dorylinae,Eciton,predator,South America,Erysipelotrichales,Flavobacteriales,Burkholderiales,,amplicon,16S,wild,diet,nesting_mode,NA,https://bpb-us-e1.wpmucdn.com/blogs.cornell.edu/dist/0/8622/files/2023/01/Chanson_et_al._2023_Diversity.pdf
"Impact of Nesting Mode, Diet, and Taxonomy in Structuring the Associated Microbial Communities of Amazonian Ants",2023,Chanson et al,Dorylinae,Labidus,predator,South America,Erysipelotrichales,Entomoplasmatales,Lactobacillales,,amplicon,16S,wild,diet,nesting_mode,NA,https://bpb-us-e1.wpmucdn.com/blogs.cornell.edu/dist/0/8622/files/2023/01/Chanson_et_al._2023_Diversity.pdf
Habitat and Host Species Drive the Structure of Bacterial Communities of Two Neotropical Trap-Jaw Odontomachus Ants : Habitat and Host Species Drive the Structure of Bacterial Communities of Two Neotropical Trap-Jaw Odontomachus Ants,2023,Rocha,Ponerinae,Odontomachus,predator,South America,Erysipelotrichales,Rickettsiales,Hyphomicrobiales,bartonella,Amplicon,16S,wild,species-specific,sample_type,geography,
Highly similar microbial communities are shared among related and trophically similar ant species.,2012,Anderson KE,Dolichoderinae,Dolichoderus,herbivore,Asia,Hyphomicrobiales,Burkholderiales,NA,,cloning,16S,Wild,diet,NA,NA,Mol Ecol. 2012 May;21(9):2282-96. doi: 10.1111/j.1365-294X.2011.05464.x. Epub 2012 Jan 25.
Highly similar microbial communities are shared among related and trophically similar ant species.,2012,Anderson KE,Pseudomyrmecinae,Tetraponera,herbivore,Asia,Hyphomicrobiales,Burkholderiales,NA,,culture,16S,Wild,diet,NA,NA,Mol Ecol. 2012 May;21(9):2282-96. doi: 10.1111/j.1365-294X.2011.05464.x. Epub 2012 Jan 25.
Highly similar microbial communities are shared among related and trophically similar ant species.,2012,Anderson KE,Myrmicinae,Pheidole,omnivore,North America,Hyphomicrobiales,NA,NA,,cloning,16S,Wild,diet,NA,NA,Mol Ecol. 2012 May;21(9):2282-96. doi: 10.1111/j.1365-294X.2011.05464.x. Epub 2012 Jan 25.
Highly similar microbial communities are shared among related and trophically similar ant species.,2012,Anderson KE1,Myrmicinae,Procryptocerus,herbivore,Central America,Hyphomicrobiales,Xanthomonadales,Burkholderiales,,cloning,16S,Wild,diet,NA,NA,Mol Ecol. 2012 May;21(9):2282-96. doi: 10.1111/j.1365-294X.2011.05464.x. Epub 2012 Jan 25.
"Impact of Nesting Mode, Diet, and Taxonomy in Structuring the Associated Microbial Communities of Amazonian Ants",2023,Chanson et al,Myrmicinae,Atta,fungivore,South America,Hyphomicrobiales,Lactobacillales,Mycobacteriales,,amplicon,16S,wild,diet,nesting_mode,NA,https://bpb-us-e1.wpmucdn.com/blogs.cornell.edu/dist/0/8622/files/2023/01/Chanson_et_al._2023_Diversity.pdf
"Impact of Nesting Mode, Diet, and Taxonomy in Structuring the Associated Microbial Communities of Amazonian Ants",2023,Chanson et al,Ponerinae,Anochetus,predator,South America,Hyphomicrobiales,NA,NA,,amplicon,16S,wild,diet,nesting_mode,NA,https://bpb-us-e1.wpmucdn.com/blogs.cornell.edu/dist/0/8622/files/2023/01/Chanson_et_al._2023_Diversity.pdf
"Impact of Nesting Mode, Diet, and Taxonomy in Structuring the Associated Microbial Communities of Amazonian Ants",2023,Chanson et al,Myrmicinae,Daceton,predator,South America,Hyphomicrobiales,Entomoplasmatales,Acetobacterales,,amplicon,16S,wild,diet,nesting_mode,NA,https://bpb-us-e1.wpmucdn.com/blogs.cornell.edu/dist/0/8622/files/2023/01/Chanson_et_al._2023_Diversity.pdf
"Impact of Nesting Mode, Diet, and Taxonomy in Structuring the Associated Microbial Communities of Amazonian Ants",2023,Chanson et al,Ponerinae,Neoponera,predator,South America,Hyphomicrobiales,Flavobacteriales,Erysipelotrichales,,amplicon,16S,wild,diet,nesting_mode,NA,https://bpb-us-e1.wpmucdn.com/blogs.cornell.edu/dist/0/8622/files/2023/01/Chanson_et_al._2023_Diversity.pdf
Localization of bacterial communities within gut compartments across Cephalotes turtle ants,2021,Flynn,Myrmicinae,Cephalotes,herbivore,North America,Hyphomicrobiales,Opitutales,Burkholderiales,,Amplicon,16S,wild,species-specific,tissue,caste,
"Identifying the Role of Elevation, Geography, and Species Identity in Structuring Turtle Ant (Cephalotes Latreille, 1802) Bacterial Communities",2023,Graber,Myrmicinae,Cephalotes,herbivore,South America,Hyphomicrobiales,Burkholderiales,Xanthomonadales,,Amplicon,16S,Wild,geography,species-specific,environment,
Surveying the microbiome of ants: comparing 454 pyrosequencing with traditional methods to uncover bacterial diversity.,2013,Kautz S,Myrmicinae,Cephalotes,herbivore,North America,Hyphomicrobiales,Opitutales,Burkholderiales,,456 pyrosequencing ans Sanger,16S,Wild,tissue,NA,NA,Appl Environ Microbiol. 2013 Jan;79(2):525-34. doi: 10.1128/AEM.03107-12. Epub 2012 Nov 2.
Development but not diet alters microbial communities in the Neotropical arboreal trap jaw ant Daceton armigerum: an exploratory study,2020,Ramalho,Myrmicinae,Daceton,predator,South America,Hyphomicrobiales,Entomoplasmatales,Lactobacillales,,amplicon,16S,both,developmental,species-specific,NA,
Habitat and Host Species Drive the Structure of Bacterial Communities of Two Neotropical Trap-Jaw Odontomachus Ants,2023,Rocha,Ponerinae,Odontomachus,predator,South America,Hyphomicrobiales,Rickettsiales,Erysipelotrichales,,Amplicon,16S,wild,species-specific,sample_type,geography,
The evolution of abdominal microbiomes in fungus-growing ants.,2019,Sapountzis P,Myrmicinae,Cyphomyrmex,fungivore,Central America,Hyphomicrobiales,Sphingobacteriales,Entomoplasmatales,,Amplicon,16S,Both,phylogeny,cuticle,NA,Mol Ecol. 2019 Feb;28(4):879-899. doi: 10.1111/mec.14931. Epub 2018 Dec 10.
The evolution of abdominal microbiomes in fungus-growing ants.,2019,Sapountzis P,Myrmicinae,Myrmecocrypta,fungivore,Central America,Hyphomicrobiales,Xanthomonadales,Pseudonocardiales,,Amplicon,16S,Both,phylogeny,cuticle,NA,Mol Ecol. 2019 Feb;28(4):879-899. doi: 10.1111/mec.14931. Epub 2018 Dec 10.
The evolution of abdominal microbiomes in fungus-growing ants.,2019,Sapountzis P,Myrmicinae,Trachymyrmex,fungivore,Central America,Hyphomicrobiales,Entomoplasmatales,Enterobacterales,,Amplicon,16S,Both,phylogeny,cuticle,NA,Mol Ecol. 2019 Feb;28(4):879-899. doi: 10.1111/mec.14931. Epub 2018 Dec 10.
The evolution of abdominal microbiomes in fungus-growing ants.,2019,Sapountzis P,Myrmicinae,Trachymyrmex,fungivore,Central America,Hyphomicrobiales,Entomoplasmatales,Rickettsiales,,Amplicon,16S,Both,phylogeny,cuticle,NA,Mol Ecol. 2019 Feb;28(4):879-899. doi: 10.1111/mec.14931. Epub 2018 Dec 10.
"Colonization by the Red Imported Fire Ant, Solenopsis invicta modifies Soil Bacterial Communities",2022,Travanty,Myrmicinae,Solenopsis,omnivore,North America,Hyphomicrobiales,Entomoplasmatales,Terriglobales,,Amplicon,16S,Wild,geography,NA,NA,
Gut Microbiome Composition of the Fire Ant Solenopsis invicta: an Integrated Analysis of Host Genotype and Geographical Distribution,2023,Xiao,Myrmicinae,Solenopsis,omnivore,Asia,Hyphomicrobiales,Enterobacterales,Lactobacillales,,Amplicon,16S,Wild,host-specific,geography,NA,
A mixed community of actinomycetes produce multiple antibiotics for the fungus farming ant Acromyrmex octospinosus.,2010,Barke J,Myrmicinae,Acromyrmex,fungivore,South America,Kitasatosporales,Pseudonocardiales,NA,,culture and 454-pyrosequencing,16S,Wild,environment,species-specific,NA,BMC Biol. 2010 Aug 26;8:109. doi: 10.1186/1741-7007-8-109.
"Microbial Diversity and Chemical Multiplicity of Culturable, Taxonomically Similar Bacterial Symbionts of the Leaf-Cutting Ant Acromyrmex coronatus",2019,Martinez,Myrmicinae,Acromyrmex,fungivore,South America,Kitasatosporales,Bacillales,Hyphomicrobiales,,amplicon and culture,16S,wild,species-specific,NA,NA,
"Impact of Nesting Mode, Diet, and Taxonomy in Structuring the Associated Microbial Communities of Amazonian Ants",2023,Chanson et al,Ectatomminae,Ectatomma,omnivore,South America,Lactobacillales,Hyphomicrobiales,Burkholderiales,,amplicon,16S,wild,diet,nesting_mode,NA,https://bpb-us-e1.wpmucdn.com/blogs.cornell.edu/dist/0/8622/files/2023/01/Chanson_et_al._2023_Diversity.pdf
By their own devices: invasive Argentine ants have shifted diet without clear aid from symbiotic microbes.,2017,Hu Y,Dolichoderinae,Linepthema,omnivore,South America,Lactobacillales,Rhodospirillales,Rickettsiales,Rickettsia,Amplicon and Genome,16S,Both,phylogeny,NA,NA,Mol Ecol. 2017 Mar;26(6):1608-1630. doi: 10.1111/mec.13991. Epub 2017 Jan 27.
Bacterial community composition and diversity in an ancestral ant fungus symbiosis,2015,Kellner K,Myrmicinae,Mycocepurus,fungivore,Central America,Lactobacillales,Enterobacterales,NA,Pantoea,Amplicon pyrosequencing 454,16S,Wild,soil,environment,NA,FEMS Microbiol Ecol. 2015 Jul;91(7). pii: fiv073. doi: 10.1093/femsec/fiv073. Epub 2015 Jun 25.
The structured diversity of specialized gut symbionts of the New World army ants.,2017,Łukasik P,Dorylinae,Dorylus,predator,Africa,Lactobacillales,Entomoplasmatales,Actinomycetales,weissella,Amplicon and Sanger,16S,Wild,phylogeny,species-specific,host-specific,Mol Ecol. 2017 Jul;26(14):3808-3825. doi: 10.1111/mec.14140. Epub 2017 May 12.
The structured diversity of specialized gut symbionts of the New World army ants.,2017,Łukasik P,Dorylinae,Dorylus,predator,Africa,Lactobacillales,NA,NA,weissella,Amplicon and Sanger,16S,Wild,phylogeny,species-specific,host-specific,Mol Ecol. 2017 Jul;26(14):3808-3825. doi: 10.1111/mec.14140. Epub 2017 May 12.
"Influence of host phylogeny, geographical location and seed harvesting diet on the bacterial community of globally distributed Pheidole ants",2020,Martins,Myrmicinae,Pheidole,omnivore,Europe,Lactobacillales,Bacillales,Burkholderiales,,Amplicon,16S,wild,geography,environment,NA,
Dietary specialization in mutualistic acacia-ants affects relative abundance but not identity of host-associated bacteria.,2018,Rubin BER,Pseudomyrmecinae,Pseudomyrmex,omnivore,North America,Lactobacillales,Pseudomonadales,Sphingomonadales,,Amplicon ans shotgun metagenomic,16S and metagenomic,Wild,diet,NA,NA,Mol Ecol. 2019 Feb;28(4):900-916. doi: 10.1111/mec.14834. Epub 2018 Aug 31.
Biodegradation of recalcitrant compounds and phthalates by culturable bacteria isolated from Liometopum apiculatum microbiota,2020,Gonzalez-Escobar,Dolichoderinae,Liometopum,omnivore,North America,Moraxellales,Enterobacterales,Lactobacillales,"Acinetobacter, Serratia",amplicon and isolates,16S,wild,polysaccharide_degradation,NA,NA,
"Influence of host phylogeny, geographical location and seed harvesting diet on the bacterial community of globally distributed Pheidole ants",2020,Martins,Myrmicinae,Pheidole,omnivore,Central America,Moraxellales,Burkholderiales,Bacillales,,Amplicon,16S,wild,geography,environment,NA,
Highly similar microbial communities are shared among related and trophically similar ant species.,2012,Anderson KE1,Myrmicinae,Cephalotes,herbivore,North America,Opitutales,Xanthomonadales,Burkholderiales,,cloning and,16S,Wild,diet,NA,NA,Mol Ecol. 2012 May;21(9):2282-96. doi: 10.1111/j.1365-294X.2011.05464.x. Epub 2012 Jan 25.
Localization of bacterial communities within gut compartments across Cephalotes turtle ants,2021,Flynn,Myrmicinae,Cephalotes,herbivore,Central America,Opitutales,Burkholderiales,Xanthomonadales,,Amplicon,16S,wild,species-specific,tissue,caste,
Localization of bacterial communities within gut compartments across Cephalotes turtle ants,2021,Flynn,Myrmicinae,Cephalotes,herbivore,Central America,Opitutales,Rickettsiales,Burkholderiales,,Amplicon,16S,wild,species-specific,tissue,caste,
Localization of bacterial communities within gut compartments across Cephalotes turtle ants,2021,Flynn,Myrmicinae,Cephalotes,herbivore,Central America,Opitutales,Xanthomonadales,Burkholderiales,,Amplicon,16S,wild,species-specific,tissue,caste,
Localization of bacterial communities within gut compartments across Cephalotes turtle ants,2021,Flynn,Myrmicinae,Cephalotes,herbivore,South America,Opitutales,Burkholderiales,Xanthomonadales,,Amplicon,16S,wild,species-specific,tissue,caste,
Localization of bacterial communities within gut compartments across Cephalotes turtle ants,2021,Flynn,Myrmicinae,Cephalotes,herbivore,South America,Opitutales,Hyphomicrobiales,Burkholderiales,,Amplicon,16S,wild,species-specific,tissue,caste,
Localization of bacterial communities within gut compartments across Cephalotes turtle ants,2021,Flynn,Myrmicinae,Cephalotes,herbivore,South America,Opitutales,Xanthomonadales,Burkholderiales,,Amplicon,16S,wild,species-specific,tissue,caste,
Correlates of gut community composition across an ant species (Cephalotes varians) elucidate causes and consequences of symbiotic variability.,2014,Hu Y,Myrmicinae,Cephalotes,herbivore,North America,Opitutales,Xanthomonadales,Burkholderiales,,455 pyrosequencing,16S,Both,environment,host-specific,diet,Mol Ecol. 2014 Mar;23(6):1284-300. doi: 10.1111/mec.12607. Epub 2013 Dec 31.
Herbivorous turtle ants obtain essential nutrients from a conserved nitrogen-recycling gut microbiome.,2018,Hu Y,Myrmicinae,Cephalotes,herbivore,North America,Opitutales,Burkholderiales,Pseudomonadales,Cephaloticoccus,Shotgun metagenomic,bacteria,Wild,tissue,diet,NA,Nat Commun. 2018 Mar 6;9(1):964. doi: 10.1038/s41467-018-03357-y.
Herbivorous turtle ants obtain essential nutrients from a conserved nitrogen-recycling gut microbiome.,2018,Hu Y,Myrmicinae,Cephalotes,herbivore,North America,Opitutales,Xanthomonadales,Burkholderiales,Cephaloticoccus,Shotgun metagenomic,bacteria,Wild,tissue,diet,NA,Nat Commun. 2018 Mar 6;9(1):964. doi: 10.1038/s41467-018-03357-y.
Herbivorous turtle ants obtain essential nutrients from a conserved nitrogen-recycling gut microbiome.,2018,Hu Y,Myrmicinae,Cephalotes,herbivore,South America,Opitutales,Burkholderiales,Xanthomonadales,Cephaloticoccus,Shotgun metagenomic,bacteria,Wild,tissue,diet,NA,Nat Commun. 2018 Mar 6;9(1):964. doi: 10.1038/s41467-018-03357-y.
Herbivorous turtle ants obtain essential nutrients from a conserved nitrogen-recycling gut microbiome.,2018,Hu Y,Myrmicinae,Cephalotes,herbivore,South America,Opitutales,Campylobacterales,Xanthomonadales,Cephaloticoccus,Shotgun metagenomic,bacteria,Wild,tissue,diet,NA,Nat Commun. 2018 Mar 6;9(1):964. doi: 10.1038/s41467-018-03357-y.
Herbivorous turtle ants obtain essential nutrients from a conserved nitrogen-recycling gut microbiome.,2018,Hu Y,Myrmicinae,Cephalotes,herbivore,South America,Opitutales,Flavobacteriales,Pseudomonadales,Cephaloticoccus,Shotgun metagenomic,bacteria,Wild,tissue,diet,NA,Nat Commun. 2018 Mar 6;9(1):964. doi: 10.1038/s41467-018-03357-y.
Herbivorous turtle ants obtain essential nutrients from a conserved nitrogen-recycling gut microbiome.,2018,Hu Y,Myrmicinae,Cephalotes,herbivore,South America,Opitutales,NA,NA,Cephaloticoccus,Shotgun metagenomic,bacteria,Wild,tissue,diet,NA,Nat Commun. 2018 Mar 6;9(1):964. doi: 10.1038/s41467-018-03357-y.
Herbivorous turtle ants obtain essential nutrients from a conserved nitrogen-recycling gut microbiome.,2018,Hu Y,Myrmicinae,Cephalotes,herbivore,South America,Opitutales,Pseudomonadales,Burkholderiales,Cephaloticoccus,Shotgun metagenomic,bacteria,Wild,tissue,diet,NA,Nat Commun. 2018 Mar 6;9(1):964. doi: 10.1038/s41467-018-03357-y.
Herbivorous turtle ants obtain essential nutrients from a conserved nitrogen-recycling gut microbiome.,2018,Hu Y,Myrmicinae,Cephalotes,herbivore,South America,Opitutales,Xanthomonadales,Burkholderiales,Cephaloticoccus,Shotgun metagenomic,bacteria,Wild,tissue,diet,NA,Nat Commun. 2018 Mar 6;9(1):964. doi: 10.1038/s41467-018-03357-y.
Herbivorous turtle ants obtain essential nutrients from a conserved nitrogen-recycling gut microbiome.,2018,Hu Y,Myrmicinae,Cephalotes,herbivore,South America,Opitutales,Xanthomonadales,Campylobacterales,Cephaloticoccus,Shotgun metagenomic,bacteria,Wild,tissue,diet,NA,Nat Commun. 2018 Mar 6;9(1):964. doi: 10.1038/s41467-018-03357-y.
Herbivorous turtle ants obtain essential nutrients from a conserved nitrogen-recycling gut microbiome.,2018,Hu Y,Myrmicinae,Cephalotes,herbivore,South America,Opitutales,Xanthomonadales,Flavobacteriales,Cephaloticoccus,Shotgun metagenomic,bacteria,Wild,tissue,diet,NA,Nat Commun. 2018 Mar 6;9(1):964. doi: 10.1038/s41467-018-03357-y.
Herbivorous turtle ants obtain essential nutrients from a conserved nitrogen-recycling gut microbiome.,2018,Hu Y,Myrmicinae,Cephalotes,herbivore,South America,Opitutales,Xanthomonadales,Hyphomicrobiales,Cephaloticoccus,Shotgun metagenomic,bacteria,Wild,tissue,diet,NA,Nat Commun. 2018 Mar 6;9(1):964. doi: 10.1038/s41467-018-03357-y.
Herbivorous turtle ants obtain essential nutrients from a conserved nitrogen-recycling gut microbiome.,2018,Hu Y,Myrmicinae,Cephalotes,herbivore,South America,Opitutales,Xanthomonadales,Pseudomonadales,Cephaloticoccus,Shotgun metagenomic,bacteria,Wild,tissue,diet,NA,Nat Commun. 2018 Mar 6;9(1):964. doi: 10.1038/s41467-018-03357-y.
A bacterial filter protects and structures the gut microbiome of an insect.,2016,Lanan MC,Myrmicinae,Cephalotes,herbivore,North America,Opitutales,Hyphomicrobiales,Burkholderiales,,Amplicon,16S,Lab,tissue,NA,NA,ISME J. 2016 Aug;10(8):1866-76. doi: 10.1038/ismej.2015.264. Epub 2016 Feb 12.
Stability and phylogenetic correlation in gut microbiota: lessons from ants and apes.,2014,Sanders JG,Myrmicinae,Cephalotes,herbivore,North America,Opitutales,Burkholderiales,NA,,454 pyrosequencing,16S,Wild,species-specific,phylogeny,NA,Mol Ecol. 2014 Mar;23(6):1268-83. doi: 10.1111/mec.12611. Epub 2014 Jan 6.
Stability and phylogenetic correlation in gut microbiota: lessons from ants and apes.,2014,Sanders JG,Myrmicinae,Cephalotes,herbivore,South America,Opitutales,Burkholderiales,Hyphomicrobiales,,454 pyrosequencing,16S,Wild,species-specific,phylogeny,NA,Mol Ecol. 2014 Mar;23(6):1268-83. doi: 10.1111/mec.12611. Epub 2014 Jan 6.
Stability and phylogenetic correlation in gut microbiota: lessons from ants and apes.,2014,Sanders JG,Myrmicinae,Cephalotes,herbivore,South America,Opitutales,NA,NA,,454 pyrosequencing,16S,Wild,species-specific,phylogeny,NA,Mol Ecol. 2014 Mar;23(6):1268-83. doi: 10.1111/mec.12611. Epub 2014 Jan 6.
Stability and phylogenetic correlation in gut microbiota: lessons from ants and apes.,2014,Sanders JG,Myrmicinae,Cephalotes,herbivore,South America,Opitutales,NA,NA,,454 pyrosequencing,16S,Wild,species-specific,phylogeny,NA,Mol Ecol. 2014 Mar;23(6):1268-83. doi: 10.1111/mec.12611. Epub 2014 Jan 6.
Stability and phylogenetic correlation in gut microbiota: lessons from ants and apes.,2014,Sanders JG,Myrmicinae,Cephalotes,herbivore,South America,Opitutales,Xanthomonadales,Burkholderiales,,454 pyrosequencing,16S,Wild,species-specific,phylogeny,NA,Mol Ecol. 2014 Mar;23(6):1268-83. doi: 10.1111/mec.12611. Epub 2014 Jan 6.
"Impact of Nesting Mode, Diet, and Taxonomy in Structuring the Associated Microbial Communities of Amazonian Ants",2023,Chanson et al,Paraponerinae,Paraponera,omnivore,South America,Pseudomonadales,Xanthomonadales,Hyphomicrobiales,,amplicon,16S,wild,diet,nesting_mode,NA,https://bpb-us-e1.wpmucdn.com/blogs.cornell.edu/dist/0/8622/files/2023/01/Chanson_et_al._2023_Diversity.pdf
Microbiota of edible Liometopum apiculatum ant larvae reveals potential functions related to their nutritional value.,2018,González-Escobar JL,Dolichoderinae,Liometopum,omnivore,North America,Pseudomonadales,Sphingomonadales,Caulobacteriales,,Amplicon,16S,Wild,developmental,NA,NA,Food Res Int. 2018 Jul;109:497-505. doi: 10.1016/j.foodres.2018.04.049. Epub 2018 Apr 24.
Mutualistic ants as an indirect defence against leaf pathogens.,2014,González-Teuber M,Pseudomyrmecinae,Pseudomyrmex,herbivore,North America,Pseudomonadales,Enterobacterales,Caulobacteriales,Pantoea,454 pyrosequencing,16S,Wild,horizontal_transmission,NA,NA,New Phytol. 2014 Apr;202(2):640-50. doi: 10.1111/nph.12664. Epub 2014 Jan 6.
Ever-increasing viral diversity associated with the red imported fire ant Solenopsis invicta (Formicidae: Hymenoptera),2021,Xaxier,Myrmicinae,Temnothorax,omnivore,North America,Pseudomonadales,Entomoplasmatales,NA,,Amplicon,16S,Wild,immune_system,NA,NA,
Specificity and stability of the Acromyrmex-Pseudonocardia symbiosis.,2013,Andersen SB,Myrmicinae,Acromyrmex,fungivore,Central America,Pseudonocardiales,NA,NA,,454 pyrosequencing,16S,Both,host-specific,developmental,vertical_transmission,Mol Ecol. 2013 Aug;22(16):4307-4321. doi: 10.1111/mec.12380. Epub 2013 Jul 30.
Environments and Hosts Structure the Bacterial Microbiomes of Fungus-Gardening Ants and their Symbiotic Fungus Gardens,2023,Bringhurst,Myrmicinae,Mycetomoellerius,fungivore,North America,Pseudonocardiales,Burkholderiales,Micrococcales,,Amplicon,16S,,species-specific,host-specific,geography,
The evolution of abdominal microbiomes in fungus-growing ants.,2019,Sapountzis P,Myrmicinae,Cyphomyrmex,fungivore,Central America,Pseudonocardiales,Entomoplasmatales,Xanthomonadales,,Amplicon,16S,Both,phylogeny,cuticle,NA,Mol Ecol. 2019 Feb;28(4):879-899. doi: 10.1111/mec.14931. Epub 2018 Dec 10.
The evolution of abdominal microbiomes in fungus-growing ants.,2019,Sapountzis P,Myrmicinae,Mycocepurus,fungivore,Central America,Pseudonocardiales,Entomoplasmatales,Hyphomicrobiales,,Amplicon,16S,Both,phylogeny,cuticle,NA,Mol Ecol. 2019 Feb;28(4):879-899. doi: 10.1111/mec.14931. Epub 2018 Dec 10.
Competition-based screening helps to secure the evolutionary stability of a defensive microbiome,2021,Worsley,Myrmicinae,Acromyrmex,herbivore,Central America,Pseudonocardiales,Kitasatosporales,NA,,Amplicon and more,16S,Lab,host-specific,geography,NA,
Deep divergence and rapid evolutionary rates in gut-associated Acetobacteraceae of ants,2016,Brown BP,Formicinae,Camponotus,omnivore,North America,Rhodospirillales,NA,NA,,Amplicon and Sanger,16S,Wild,phylogeny,geography,NA,BMC Microbiol. 2016 Jul 11;16(1):140. doi: 10.1186/s12866-016-0721-8
Microbial Community Composition Reveals Spatial Variation and Distinctive Core Microbiome of the Weaver Ant Oecophylla smaragdina in Malaysia,2018,Chua,Formicinae,Oecophylla,predator,Asia,Rhodospirillales,Lactobacillales,NA,,amplicon,16S,wild,nesting_mode,NA,NA,https://www.nature.com/articles/s41598-018-29159-2
Can social partnerships influence the microbiome? Insights from ant farmers and their trophobiont mutualists.,2018,Ivens ABF,Formicinae,Lasius,omnivore,North America,Rhodospirillales,NA,NA,,amplicon,16S,Wild,species-specific,horizontal_transmission,NA,Mol Ecol. 2018 Apr;27(8):1898-1914. doi: 10.1111/mec.14506. Epub 2018 Mar 15.
Dietary specialization in mutualistic acacia-ants affects relative abundance but not identity of host-associated bacteria.,2018,Rubin BER,Pseudomyrmecinae,Pseudomyrmex,herbivore,Central America,Rhodospirillales,Enterobacterales,NA,,Amplicon ans shotgun metagenomic,16S and metagenomic,Wild,diet,NA,NA,Mol Ecol. 2019 Feb;28(4):900-916. doi: 10.1111/mec.14834. Epub 2018 Aug 31.
Dietary specialization in mutualistic acacia-ants affects relative abundance but not identity of host-associated bacteria.,2018,Rubin BER,Pseudomyrmecinae,Pseudomyrmex,herbivore,Central America,Rhodospirillales,Enterobacterales,Xanthomonadales,,Amplicon ans shotgun metagenomic,16S and metagenomic,Wild,diet,NA,NA,Mol Ecol. 2019 Feb;28(4):900-916. doi: 10.1111/mec.14834. Epub 2018 Aug 31.
Dietary specialization in mutualistic acacia-ants affects relative abundance but not identity of host-associated bacteria.,2018,Rubin BER,Pseudomyrmecinae,Pseudomyrmex,herbivore,Central America,Rhodospirillales,Lactobacillales,NA,,Amplicon ans shotgun metagenomic,16S and metagenomic,Wild,diet,NA,NA,Mol Ecol. 2019 Feb;28(4):900-916. doi: 10.1111/mec.14834. Epub 2018 Aug 31.
Dietary specialization in mutualistic acacia-ants affects relative abundance but not identity of host-associated bacteria.,2018,Rubin BER,Pseudomyrmecinae,Pseudomyrmex,herbivore,Central America,Rhodospirillales,NA,NA,,Amplicon ans shotgun metagenomic,16S and metagenomic,Wild,diet,NA,NA,Mol Ecol. 2019 Feb;28(4):900-916. doi: 10.1111/mec.14834. Epub 2018 Aug 31.
Dietary specialization in mutualistic acacia-ants affects relative abundance but not identity of host-associated bacteria.,2018,Rubin BER,Pseudomyrmecinae,Pseudomyrmex,omnivore,Central America,Rhodospirillales,Entomoplasmatales,NA,,Amplicon ans shotgun metagenomic,16S and metagenomic,Wild,diet,NA,NA,Mol Ecol. 2019 Feb;28(4):900-916. doi: 10.1111/mec.14834. Epub 2018 Aug 31.
Dietary specialization in mutualistic acacia-ants affects relative abundance but not identity of host-associated bacteria.,2018,Rubin BER,Pseudomyrmecinae,Pseudomyrmex,omnivore,North America,Rhodospirillales,NA,NA,,Amplicon ans shotgun metagenomic,16S and metagenomic,Wild,diet,NA,NA,Mol Ecol. 2019 Feb;28(4):900-916. doi: 10.1111/mec.14834. Epub 2018 Aug 31.
Formicine ants swallow their highly acidic poison for gut microbial selection and control,2020,Tragust,Formicinae,Camponotus,omnivore,North America,Rhodospirillales,NA,NA,,amplicon,16S,wild,tissue,NA,NA,
"Impact of Nesting Mode, Diet, and Taxonomy in Structuring the Associated Microbial Communities of Amazonian Ants",2023,Chanson et al,Dolichoderinae,Dolichoderus,herbivore,South America,Rickettsiales,Hyphomicrobiales,NA,,amplicon,16S,wild,diet,nesting_mode,NA,https://bpb-us-e1.wpmucdn.com/blogs.cornell.edu/dist/0/8622/files/2023/01/Chanson_et_al._2023_Diversity.pdf
"Impact of Nesting Mode, Diet, and Taxonomy in Structuring the Associated Microbial Communities of Amazonian Ants",2023,Chanson et al,Pseudomyrmecinae,Pseudomyrmex,herbivore,South America,Rickettsiales,Acetobacterales,Entomoplasmatales,,amplicon,16S,wild,diet,nesting_mode,NA,https://bpb-us-e1.wpmucdn.com/blogs.cornell.edu/dist/0/8622/files/2023/01/Chanson_et_al._2023_Diversity.pdf
"Impact of Nesting Mode, Diet, and Taxonomy in Structuring the Associated Microbial Communities of Amazonian Ants",2023,Chanson et al,Dolichoderinae,Azteca,omnivore,South America,Rickettsiales,Lactobacillales,Acetobacterales,,amplicon,16S,wild,diet,nesting_mode,NA,https://bpb-us-e1.wpmucdn.com/blogs.cornell.edu/dist/0/8622/files/2023/01/Chanson_et_al._2023_Diversity.pdf
"Impact of Nesting Mode, Diet, and Taxonomy in Structuring the Associated Microbial Communities of Amazonian Ants",2023,Chanson et al,Myrmicinae,Crematogaster,omnivore,South America,Rickettsiales,Hyphomicrobiales,Lactobacillales,,amplicon,16S,wild,diet,nesting_mode,NA,https://bpb-us-e1.wpmucdn.com/blogs.cornell.edu/dist/0/8622/files/2023/01/Chanson_et_al._2023_Diversity.pdf
"Impact of Nesting Mode, Diet, and Taxonomy in Structuring the Associated Microbial Communities of Amazonian Ants",2023,Chanson et al,Myrmicinae,Solenopsis,omnivore,South America,Rickettsiales,Hyphomicrobiales,NA,,amplicon,16S,wild,diet,nesting_mode,NA,https://bpb-us-e1.wpmucdn.com/blogs.cornell.edu/dist/0/8622/files/2023/01/Chanson_et_al._2023_Diversity.pdf
"Impact of Nesting Mode, Diet, and Taxonomy in Structuring the Associated Microbial Communities of Amazonian Ants",2023,Chanson et al,Ponerinae,brachymyrmex,predator,South America,Rickettsiales,Hyphomicrobiales,Erysipelotrichales,,amplicon,16S,wild,diet,nesting_mode,NA,https://bpb-us-e1.wpmucdn.com/blogs.cornell.edu/dist/0/8622/files/2023/01/Chanson_et_al._2023_Diversity.pdf
Symbiotic microbiota may reflect host adaptation by resident to invasive ant species,2019,Cheng,Dolichoderinae,Tapinoma,omnivore,Asia,Rickettsiales,Lactobacillales,Enterobacterales,Wolbachia,amplicon,16S,wild,diet,horizontal_transmission,NA,
Can social partnerships influence the microbiome? Insights from ant farmers and their trophobiont mutualists.,2018,Ivens ABF,Formicinae,Brachymyrmex,herbivore,North America,Rickettsiales,NA,NA,,amplicon,16S,Wild,species-specific,horizontal_transmission,NA,Mol Ecol. 2018 Apr;27(8):1898-1914. doi: 10.1111/mec.14506. Epub 2018 Mar 15.
Evidence of phylosymbiosis in Formica ants,2023,Jackson,Formicinae,Formica,omnivore,Europe,Rickettsiales,Lactobacillales,Enterobacterales,"Wolbachia, Liliensternia, Spiroplasma",Amplicon,16S,Wild,phylogeny,vertical_transmission,NA,
"First Insight into Microbiome Profiles of Myrmecophilous Beetles and Their Host, Red Wood Ant Formica polyctena (Hymenoptera: Formicidae)—A Case Study",2020,Kaczmarczyk-Ziemba,Formicinae,Formica,omnivore,Europe,Rickettsiales,Acetobacterales,Lactobacillales,,Amplicon,16S,Wild/Lab - more Wild,species-specific,NA,NA,
The structured diversity of specialized gut symbionts of the New World army ants.,2017,Łukasik P,Dorylinae,Aenictus,predator,Asia,Rickettsiales,Entomoplasmatales,NA,wolbachia,Amplicon and Sanger,16S,Wild,phylogeny,species-specific,host-specific,Mol Ecol. 2017 Jul;26(14):3808-3825. doi: 10.1111/mec.14140. Epub 2017 May 12.
The structured diversity of specialized gut symbionts of the New World army ants.,2017,Łukasik P,Dorylinae,Aenictus,predator,Asia,Rickettsiales,NA,NA,wolbachia,Amplicon and Sanger,16S,Wild,phylogeny,species-specific,host-specific,Mol Ecol. 2017 Jul;26(14):3808-3825. doi: 10.1111/mec.14140. Epub 2017 May 12.
The structured diversity of specialized gut symbionts of the New World army ants.,2017,Łukasik P,Dorylinae,Neivamyrmex,predator,North America,Rickettsiales,NA,NA,wolbachia,Amplicon and Sanger,16S,Wild,phylogeny,species-specific,host-specific,Mol Ecol. 2017 Jul;26(14):3808-3825. doi: 10.1111/mec.14140. Epub 2017 May 12.
Acromyrmex Leaf-Cutting Ants Have Simple Gut Microbiota with Nitrogen-Fixing Potential,2015,Sapountzis P,Myrmicinae,Acromyrmex,fungivore,Central America,Rickettsiales,Hyphomicrobiales,Entomoplasmatales,,Amplicon & 454 pyrosequencing,16S,Both,tissue,diet,NA,Appl Environ Microbiol. 2015 Aug 15;81(16):5527-37. doi: 10.1128/AEM.00961-15. Epub 2015 Jun 5.
Acromyrmex Leaf-Cutting Ants Have Simple Gut Microbiota with Nitrogen-Fixing Potential,2015,Sapountzis P,Myrmicinae,Acromyrmex,fungivore,Central America,Rickettsiales,Hyphomicrobiales,Entomoplasmatales,,Amplicon & 454 pyrosequencing,16S,Both,tissue,diet,NA,Appl Environ Microbiol. 2015 Aug 15;81(16):5527-37. doi: 10.1128/AEM.00961-15. Epub 2015 Jun 5.
The evolution of abdominal microbiomes in fungus-growing ants.,2019,Sapountzis P,Myrmicinae,Apterostigma,fungivore,Central America,Rickettsiales,Entomoplasmatales,Pseudonocardiales,,Amplicon,16S,Both,phylogeny,cuticle,NA,Mol Ecol. 2019 Feb;28(4):879-899. doi: 10.1111/mec.14931. Epub 2018 Dec 10.
Diversity and Transmission of Gut Bacteria in Atta and Acromyrmex Leaf-Cutting Ants during Development.,2017,Zhukova M,Myrmicinae,Acromyrmex,fungivore,South America,Rickettsiales,Enterobacterales,Pseudomonadales,pseudomonas,amplicon,16S,Wild,developmental,vertical_transmission,NA,Front Microbiol. 2017 Oct 10;8:1942. doi: 10.3389/fmicb.2017.01942. eCollection 2017.
Diversity and Transmission of Gut Bacteria in Atta and Acromyrmex Leaf-Cutting Ants during Development.,2017,Zhukova M,Myrmicinae,Atta,fungivore,South America,Rickettsiales,Entomoplasmatales,Pseudomonadales,,amplicon,16S,Wild,developmental,horizontal_transmission,NA,Front Microbiol. 2017 Oct 10;8:1942. doi: 10.3389/fmicb.2017.01942. eCollection 2017.
Environments and Hosts Structure the Bacterial Microbiomes of Fungus-Gardening Ants and their Symbiotic Fungus Gardens,2023,Bringhurst,Myrmicinae,Trachymyrmex,fungivore,North America,Solirubrobacterales,Xanthomonadales,Burkholderiales,,Amplicon,16S,,species-specific,host-specific,geography,
Microbiomes of ant castes implicate new microbial roles in the fungus-growing ant Trachymyrmex septentrionalis,2011,Ishak,Myrmicinae,Trachymyrmex,fungivore,North America,Solirubrobacterales,Pseudonocardiales,Propionibacteriales,,amplicon,16S,wild,species-specific,NA,NA,
Ant colonies promote the diversity of soil microbial communities.,2019,Delgado-Baquerizo M,Dolichoderinae,Iridomyrmex,omnivore,Oceania,Terriglobales,Bacteroidales,Nitrospinales,,Amplicon,fungi bacteria,Wild,soil,NA,NA,ISME J. 2019 Apr;13(4):1114-1118. doi: 10.1038/s41396-018-0335-2. Epub 2019 Jan 3.
The structured diversity of specialized gut symbionts of the New World army ants.,2017,Łukasik P,Dorylinae,Aenictus,predator,Asia,Unclassified Firmicutes,Entomoplasmatales,Rickettsiales,wolbachia,Amplicon and Sanger,16S,Wild,phylogeny,species-specific,host-specific,Mol Ecol. 2017 Jul;26(14):3808-3825. doi: 10.1111/mec.14140. Epub 2017 May 12.
The structured diversity of specialized gut symbionts of the New World army ants.,2017,Łukasik P,Dorylinae,Eciton,predator,Central America,Unclassified Firmicutes,Entomoplasmatales,Actinomycetales,,Amplicon and Sanger,16S,Wild,phylogeny,species-specific,host-specific,Mol Ecol. 2017 Jul;26(14):3808-3825. doi: 10.1111/mec.14140. Epub 2017 May 12.
The structured diversity of specialized gut symbionts of the New World army ants.,2017,Łukasik P,Dorylinae,Eciton,predator,North America,Unclassified Firmicutes,Entomoplasmatales,Actinomycetales,,Amplicon and Sanger,16S,Wild,phylogeny,species-specific,host-specific,Mol Ecol. 2017 Jul;26(14):3808-3825. doi: 10.1111/mec.14140. Epub 2017 May 12.
The structured diversity of specialized gut symbionts of the New World army ants.,2017,Łukasik P,Dorylinae,Eciton,predator,South America,Unclassified Firmicutes,Entomoplasmatales,Actinomycetales,,Amplicon and Sanger,16S,Wild,phylogeny,species-specific,host-specific,Mol Ecol. 2017 Jul;26(14):3808-3825. doi: 10.1111/mec.14140. Epub 2017 May 12.
The structured diversity of specialized gut symbionts of the New World army ants.,2017,Łukasik P,Dorylinae,Labidus,predator,Central America,Unclassified Firmicutes,Entomoplasmatales,Lactobacillales,weissella,Amplicon and Sanger,16S,Wild,phylogeny,species-specific,host-specific,Mol Ecol. 2017 Jul;26(14):3808-3825. doi: 10.1111/mec.14140. Epub 2017 May 12.
The structured diversity of specialized gut symbionts of the New World army ants.,2017,Łukasik P,Dorylinae,Labidus,predator,South America,Unclassified Firmicutes,Entomoplasmatales,Lactobacillales,weissella,Amplicon and Sanger,16S,Wild,phylogeny,species-specific,host-specific,Mol Ecol. 2017 Jul;26(14):3808-3825. doi: 10.1111/mec.14140. Epub 2017 May 12.
The structured diversity of specialized gut symbionts of the New World army ants.,2017,Łukasik P,Dorylinae,Neivamyrmex,predator,Central America,Unclassified Firmicutes,NA,NA,wolbachia,Amplicon and Sanger,16S,Wild,phylogeny,species-specific,host-specific,Mol Ecol. 2017 Jul;26(14):3808-3825. doi: 10.1111/mec.14140. Epub 2017 May 12.
The structured diversity of specialized gut symbionts of the New World army ants.,2017,Łukasik P,Dorylinae,Neivamyrmex,predator,South America,Unclassified Firmicutes,Rickettsiales,NA,wolbachia,Amplicon and Sanger,16S,Wild,phylogeny,species-specific,host-specific,Mol Ecol. 2017 Jul;26(14):3808-3825. doi: 10.1111/mec.14140. Epub 2017 May 12.
The structured diversity of specialized gut symbionts of the New World army ants.,2017,Łukasik P,Dorylinae,Neivamyrmex,predator,South America,Unclassified Firmicutes,Rickettsiales,NA,wolbachia,Amplicon and Sanger,16S,Wild,phylogeny,species-specific,host-specific,Mol Ecol. 2017 Jul;26(14):3808-3825. doi: 10.1111/mec.14140. Epub 2017 May 12.
Disentangling the assembly mechanisms of ant cuticular bacterial communities of two Amazonian ant species sharing a common arboreal nest,2020,Birer,Myrmicinae,Crematogaster,omnivore,South America,Xanthomonadales,Kitasatosporales,Burkholderiales,,Amplicon,16S,Wild,nesting_mode,NA,NA,
"Impact of Nesting Mode, Diet, and Taxonomy in Structuring the Associated Microbial Communities of Amazonian Ants",2023,Chanson et al,Myrmicinae,Cephalotes,herbivore,South America,Xanthomonadales,Burkholderiales,Hyphomicrobiales,,amplicon,16S,wild,diet,nesting_mode,NA,https://bpb-us-e1.wpmucdn.com/blogs.cornell.edu/dist/0/8622/files/2023/01/Chanson_et_al._2023_Diversity.pdf
Localization of bacterial communities within gut compartments across Cephalotes turtle ants,2021,Flynn,Myrmicinae,Cephalotes,herbivore,South America,Xanthomonadales,Burkholderiales,Hyphomicrobiales,,Amplicon,16S,wild,species-specific,tissue,caste,
Trachymyrmex septentrionalis Ant Microbiome Assembly Is Unique to Individual Colonies and Castes,2022,Green,Myrmicinae,Trachymyrmex,fungivore,North America,Xanthomonadales,Burkholderiales,Enterobacterales,Solirubrobacterales,Amplicon,16S,Wild,geography,caste,NA,
Herbivorous turtle ants obtain essential nutrients from a conserved nitrogen-recycling gut microbiome.,2018,Hu Y,Myrmicinae,Cephalotes,herbivore,South America,Xanthomonadales,Opitutales,Flavobacteriales,Cephaloticoccus,Shotgun metagenomic,bacteria,Wild,tissue,diet,NA,Nat Commun. 2018 Mar 6;9(1):964. doi: 10.1038/s41467-018-03357-y.
Azteca ants maintain unique microbiomes across functionally distinct nest chambers.,2019,Lucas JM,Dolichoderinae,Azteca,omnivore,Central America,Xanthomonadales,Actinomycetales,NA,,Amplicon,16S and ITS,Wild,nesting_mode,NA,NA,Proc Biol Sci. 2019 Aug 14;286(1908):20191026. doi: 10.1098/rspb.2019.1026. Epub 2019 Aug 7.
Dietary specialization in mutualistic acacia-ants affects relative abundance but not identity of host-associated bacteria.,2018,Rubin BER,Pseudomyrmecinae,Pseudomyrmex,omnivore,North America,Xanthomonadales,Actinomycetales,Hyphomicrobiales,,Amplicon ans shotgun metagenomic,16S and metagenomic,Wild,diet,NA,NA,Mol Ecol. 2019 Feb;28(4):900-916. doi: 10.1111/mec.14834. Epub 2018 Aug 31.
Stability and phylogenetic correlation in gut microbiota: lessons from ants and apes.,2014,Sanders JG,Myrmicinae,Cephalotes,herbivore,South America,Xanthomonadales,Burkholderiales,Opitutales,,454 pyrosequencing,16S,Wild,species-specific,phylogeny,NA,Mol Ecol. 2014 Mar;23(6):1268-83. doi: 10.1111/mec.12611. Epub 2014 Jan 6.
Bacterial associates of arboreal ants and their putative functions in an obligate ant-plant mutualism,2009,Eilmus,Pseudomyrmecinae,Pseudomyrmex,herbivore ,Central America,Hyphomicrobiales,Pseudomonadales,Burkholderiales,,amplicon,16S,wild,diet ,developmental stages,NA,
"A metatranscriptomic survey of the invasive yellow crazy ant, Anoplolepis gracilipes, identifies several potential viral and bacterial pathogens and mutualists",2017,Cooling,Formicinae,Anoplolepis,omnivore,Oceania,Lactobacillales,Pseudomonadales,Hyphomicrobiales,,454 pyrosequencing and Sanger,16S,wild,diet,NA,NA,
Symbiotic bacterial communities in ants are modified by invasion pathway bottlenecks and alter host behavior,2017,Lester,Dolichoderinae,Linepthema,omnivore,South America,Lactobacillales,Rhodospirillales,Pseudomonadales,,454 pyrosequencing and Sanger,16S,wild,Geography,NA,NA,
Symbiotic bacterial communities in ants are modified by invasion pathway bottlenecks and alter host behavior,2017,Lester,Dolichoderinae,Linepthema,omnivore,North America,Lactobacillales,Rhodospirillales,Pseudomonadales,,454 pyrosequencing and Sanger,16S,wild,Geography,NA,NA,
Symbiotic bacterial communities in ants are modified by invasion pathway bottlenecks and alter host behavior,2017,Lester,Dolichoderinae,Linepthema,omnivore,Oceania,Rhodospirillales,Lactobacillales,Pseudomonadales,,454 pyrosequencing and Sanger,16S,wild,Geography,NA,NA,
"Revealing the microbiota of marketed edible insects through PCR-DGGE, metagenomic sequencing and real-time PCR",2018,Osimani,Formicinae,Polyrachis,omnivore,Asia,Lactobacillales,Burkholderiales,Bacillales,,Amplicon,16S,wild,species-specific,NA,NA,
Comparison between the microbial diversity in carpenter ant (Camponotus) gut and weaver ant (Oecophylla) gut,2019,Hosmath,Formicinae,Oecophylla,predator,Asia,Lactobacillales,Burkholderiales,Bacillales,,amplicon,16S,wild,species-specific,NA,NA,
Comparison between the microbial diversity in carpenter ant (Camponotus) gut and weaver ant (Oecophylla) gut,2019,Hosmath,Formicinae,Camponotus,omnivore,Asia,Bacillales,NA,NA,,amplicon,16S,wild,species-specific,NA,NA,
16S rRNA metagenomic data of microbial diversity of Pheidole decarinata Santschi (Hymenoptera: Formicidae) workers,2020,Ashigar,Myrmicinae,Pheidole,omnivore,Africa,Sphingomonadales,Xanthomonadales,Hyphomicrobiales,,amplicon,16S,wild,species-specific,NA,NA,
"What can the bacterial community of atta sexdens (Linnaeus, 1758) tell us about the habitats in which this ant species evolves?",2020,Ramalho,Myrmicinae,Atta,fungivore,South America,Mycoplasmatales,Mycobacteriales,Propionibacteriales,,amplicon,16S,wild,geography,environment,NA,
First screening of bacterial communities of Microdon myrmicae and its ant host: do microbes facilitate the invasion of ant colonies by social parasites?,2021,Scarparo,Myrmicinae,Myrmica,omnivore,Europe,Hyphomicrobiales,Burkholderiales,Lactobacillales,,amplicon,16S,wild,horizontal_transmission,NA,NA,
Bacterial communities of big-headed ants (Pheidole rugaticeps) and American cockroaches (Periplaneta americana) revealed pathogens of public health importance,2022,Ashigar,Myrmicinae,Pheidole,omnivore,Africa,Bacillales,Burkholderiales,Enterobacterales,,amplicon,16S,wild,species-specific,NA,NA,
Lactic Acid Bacteria Are Prevalent in the Infrabuccal Pockets and Crops of Ants That Prefer Aphid Honeydew,2022,Zheng,Formicinae,Formica,omnivore,Asia,Rickettsiales,Lactobacillales,Rhodospirillales,,amplicon,16S,wild,diet,NA,NA,
Lactic Acid Bacteria Are Prevalent in the Infrabuccal Pockets and Crops of Ants That Prefer Aphid Honeydew,2022,Zheng,Formicinae,Lasius,omnivore,Asia,Lactobacillales,Rhodospirillales,Rickettsiales,,amplicon,16S,wild,diet,NA,NA,